Model,Month,Month_Name,Actual_TWSA_mm,Actual_Std_mm,Predicted_TWSA_mm,Predicted_Std_mm,Residual_mm,Residual_Std_mm,Sample_Count
BiLSTM,1,Jan,-15.635841860469602,8.572568426879771,-11.662177325250733,7.441877806147239,-3.9736645512805553,5.927059772792021,682.0
BiLSTM,2,Feb,-18.14151928351521,8.644193400445452,-14.323405122935691,6.2017384935499775,-3.8181141634126687,5.463626366715888,622.0
BiLSTM,3,Mar,-19.89533794218851,8.689874829062685,-17.233577922580647,5.296254451451159,-2.6617600261886154,6.331043304996432,682.0
BiLSTM,4,Apr,-19.704531891921533,9.003632462462516,-18.08572889985359,6.698237635620609,-1.6188029980550558,5.547888592229524,683.0
BiLSTM,5,May,-16.871714668690252,9.79649480668837,-14.940446025586956,7.308231836336159,-1.9312686256493419,7.270017190961284,713.0
BiLSTM,6,Jun,-8.78410343254844,11.31615485182099,-8.014468241530434,7.609643777013999,-0.7696351820451345,9.901911160377098,690.0
BiLSTM,7,Jul,0.9712807148894651,11.91559766295667,0.6553621273497896,5.402763265078805,0.3159185826414444,9.458243963196042,713.0
BiLSTM,8,Aug,5.929308969569992,12.11685115478243,6.327449756274334,5.1033618133059715,-0.3981407824108612,10.009166274003158,713.0
BiLSTM,9,Sep,4.970348780438267,11.502220948108484,6.517554883977306,5.624613803048548,-1.5472061023403003,9.716238265007618,661.0
BiLSTM,10,Oct,-1.2235807439695159,10.174046598567116,-0.1105630118797654,6.858863413505439,-1.113017726958095,8.11251909188079,682.0
BiLSTM,11,Nov,-8.304689755411799,9.195795524958092,-6.466343986378031,5.5105768222499965,-1.8383457731907629,6.275286480178028,660.0
BiLSTM,12,Dec,-12.881172219932182,8.702370762637676,-9.590156324633432,5.98986066635186,-3.2910159038741535,5.234154457523193,682.0
LSTM,1,Jan,-15.635841860469602,8.572568426879771,-13.127446135478005,9.289033446072231,-2.5083957449555947,6.542112245025598,682.0
LSTM,2,Feb,-18.14151928351521,8.644193400445452,-17.524709666848874,8.047866209203134,-0.6168095873913703,5.570787458771244,622.0
LSTM,3,Mar,-19.89533794218851,8.689874829062685,-20.169024048973608,6.074115459198733,0.27368610262863236,6.037004923333148,682.0
LSTM,4,Apr,-19.704531891921533,9.003632462462516,-20.051720225183015,7.158472592841961,0.3471883289849616,5.1194023734656176,683.0
LSTM,5,May,-16.871714668690252,9.79649480668837,-17.78293311924264,7.569689469897774,0.9112184420441026,7.0464284337298855,713.0
LSTM,6,Jun,-8.78410343254844,11.31615485182099,-10.090350076676811,9.072572591830603,1.3062466418383925,9.842468387885097,690.0
LSTM,7,Jul,0.9712807148894651,11.91559766295667,2.258367027645161,5.678205828857138,-1.287086311345717,9.548259542817258,713.0
LSTM,8,Aug,5.929308969569992,12.11685115478243,8.63102353057265,5.44147767335799,-2.701714565889881,9.964975687221239,713.0
LSTM,9,Sep,4.970348780438267,11.502220948108484,8.823804930279879,6.371266050864412,-3.853456158879612,9.751870064055023,661.0
LSTM,10,Oct,-1.2235807439695159,10.174046598567116,0.9849651467932552,8.072075959685112,-2.2085458883297844,8.168733650113602,682.0
LSTM,11,Nov,-8.304689755411799,9.195795524958092,-6.98951589995303,6.912183948837302,-1.3151738639917938,5.867426340136624,660.0
LSTM,12,Dec,-12.881172219932182,8.702370762637676,-10.596408079178886,7.637189769282822,-2.2847641343678164,4.944893514449361,682.0
LightGBM,1,Jan,-15.635841860469602,8.572568426879771,-15.320044958427516,7.8465419250140735,-0.3157969020420864,3.068052178691496,682.0
LightGBM,2,Feb,-18.14151928351521,8.644193400445452,-17.517249911051074,6.807808271214472,-0.6242693724641315,3.7755176132547885,622.0
LightGBM,3,Mar,-19.89533794218851,8.689874829062685,-17.957533659747376,6.430309455333249,-1.9378042824411374,4.774833271985253,682.0
LightGBM,4,Apr,-19.704531891921533,9.003632462462516,-17.549974785279822,7.050972912690428,-2.1545571066417093,4.376777830921673,683.0
LightGBM,5,May,-16.871714668690252,9.79649480668837,-14.977153729443934,7.783469078766724,-1.8945609392463203,4.680216984729107,713.0
LightGBM,6,Jun,-8.78410343254844,11.31615485182099,-8.525928234250696,9.375772927076827,-0.25817519829774244,5.548668592505852,690.0
LightGBM,7,Jul,0.9712807148894651,11.91559766295667,1.4074161191512502,8.12578223168239,-0.436135404261785,5.902885363334687,713.0
LightGBM,8,Aug,5.929308969569992,12.11685115478243,6.894771106741881,8.375533922702324,-0.9654621371718889,5.6162817721768405,713.0
LightGBM,9,Sep,4.970348780438267,11.502220948108484,6.817784402611764,7.72967769267694,-1.8474356221734967,5.642289048844836,661.0
LightGBM,10,Oct,-1.2235807439695159,10.174046598567116,0.002706627871044171,7.004078008765406,-1.22628737184056,5.562941264525281,682.0
LightGBM,11,Nov,-8.304689755411799,9.195795524958092,-7.3645680420316815,6.960279114549891,-0.9401217133801174,4.373163023422156,660.0
LightGBM,12,Dec,-12.881172219932182,8.702370762637676,-12.409626377821311,7.982943272072547,-0.4715458421108696,2.951943206615665,682.0
BiLSTM+Attention,1,Jan,-15.635841860469602,8.572568426879771,-14.25788197708211,7.237108356774781,-1.3779598821668444,5.768076652316504,682.0
BiLSTM+Attention,2,Feb,-18.14151928351521,8.644193400445452,-18.047784932299038,7.32276058699938,-0.09373434508913644,4.623617349323158,622.0
BiLSTM+Attention,3,Mar,-19.89533794218851,8.689874829062685,-18.608243942521995,6.673949572220563,-1.287094009017041,5.17869234205981,682.0
BiLSTM+Attention,4,Apr,-19.704531891921533,9.003632462462516,-16.284294125364568,7.0481907191789475,-3.420237768576067,4.627080529540215,683.0
BiLSTM+Attention,5,May,-16.871714668690252,9.79649480668837,-14.588223111991585,7.2837394065348375,-2.283491567121664,6.27734180666008,713.0
BiLSTM+Attention,6,Jun,-8.78410343254844,11.31615485182099,-9.159402009268115,7.785644499783052,0.375298582187809,8.366505646642137,690.0
BiLSTM+Attention,7,Jul,0.9712807148894651,11.91559766295667,0.8650556101963535,6.129814821519014,0.1062251028400848,9.243651497578192,713.0
BiLSTM+Attention,8,Aug,5.929308969569992,12.11685115478243,7.236961971465357,5.9815319359098345,-1.3076530004797717,9.700658827831758,713.0
BiLSTM+Attention,9,Sep,4.970348780438267,11.502220948108484,7.583591221740544,6.216719528124469,-2.6132424486876578,9.220173430248101,661.0
BiLSTM+Attention,10,Oct,-1.2235807439695159,10.174046598567116,1.1297583852170088,6.919860840142354,-2.3533391309842444,7.554399895791801,682.0
BiLSTM+Attention,11,Nov,-8.304689755411799,9.195795524958092,-7.163427816793939,6.617645976592097,-1.1412619473494285,5.306544650951134,660.0
BiLSTM+Attention,12,Dec,-12.881172219932182,8.702370762637676,-12.181581279472141,6.508522048886042,-0.699590939309167,4.358178334131103,682.0
RandomForest,1,Jan,-15.635841860469602,8.572568426879771,-15.19556071414364,7.785782084794449,-0.44028114632596144,1.827007663110901,682.0
RandomForest,2,Feb,-18.14151928351521,8.644193400445452,-17.305740548518052,7.254647633943858,-0.835778734997156,2.605292041229293,622.0
RandomForest,3,Mar,-19.89533794218851,8.689874829062685,-18.141467763316964,7.042183230799973,-1.7538701788715505,3.6137569628347443,682.0
RandomForest,4,Apr,-19.704531891921533,9.003632462462516,-17.721557365967133,7.279775215933608,-1.9829745259543972,3.5884502998341152,683.0
RandomForest,5,May,-16.871714668690252,9.79649480668837,-15.08070384057351,7.962171113000068,-1.791010828116744,3.90694113255397,713.0
RandomForest,6,Jun,-8.78410343254844,11.31615485182099,-8.282598106072392,9.748033349827063,-0.5015053264760477,4.182675484559609,690.0
RandomForest,7,Jul,0.9712807148894651,11.91559766295667,1.2588252531033548,8.826626661298208,-0.2875445382138898,4.3754996051388755,713.0
RandomForest,8,Aug,5.929308969569992,12.11685115478243,6.631633486281416,9.217519116079787,-0.7023245167114238,3.8408228137558322,713.0
RandomForest,9,Sep,4.970348780438267,11.502220948108484,6.336182798562664,9.01443419717698,-1.3658340181243969,3.6996264510506744,661.0
RandomForest,10,Oct,-1.2235807439695159,10.174046598567116,-0.29210025962221087,8.571299656236533,-0.931480484347305,3.2146314492033445,682.0
RandomForest,11,Nov,-8.304689755411799,9.195795524958092,-7.324359475697555,8.049904546204564,-0.9803302797142444,2.8335687978603032,660.0
RandomForest,12,Dec,-12.881172219932182,8.702370762637676,-12.290276474826822,8.19529827197072,-0.59089574510536,1.8957638985930483,682.0
XGBoost,1,Jan,-15.635841860469602,8.572568426879771,-15.307770185275071,7.664164982480166,-0.32807167307593493,2.8947689362941684,682.0
XGBoost,2,Feb,-18.14151928351521,8.644193400445452,-17.64517340379421,6.857764728526302,-0.49634589452972816,3.6314483871414054,622.0
XGBoost,3,Mar,-19.89533794218851,8.689874829062685,-18.0545653872434,6.504838445289076,-1.8407725694837516,4.552335313962939,682.0
XGBoost,4,Apr,-19.704531891921533,9.003632462462516,-17.48668998260615,7.084575399223548,-2.2178419032614527,4.391040250441861,683.0
XGBoost,5,May,-16.871714668690252,9.79649480668837,-15.056369882776998,7.696787574155151,-1.8153447864408563,4.711975227123654,713.0
XGBoost,6,Jun,-8.78410343254844,11.31615485182099,-8.431229653292753,9.425508692924438,-0.35287378008944836,5.221311306973911,690.0
XGBoost,7,Jul,0.9712807148894651,11.91559766295667,1.368252411748948,8.265258500121805,-0.3969716969009046,5.5340482824765775,713.0
XGBoost,8,Aug,5.929308969569992,12.11685115478243,6.868586984141655,8.47520311607706,-0.9392780027525423,5.407318563277795,713.0
XGBoost,9,Sep,4.970348780438267,11.502220948108484,6.659079428210893,7.909986123455943,-1.6887306425049253,5.356455924026778,661.0
XGBoost,10,Oct,-1.2235807439695159,10.174046598567116,0.1571457752589443,7.161056704709978,-1.3807265192375886,5.2557746292793,682.0
XGBoost,11,Nov,-8.304689755411799,9.195795524958092,-7.345687636188636,7.029686921434858,-0.9590021185062381,4.18685828983308,660.0
XGBoost,12,Dec,-12.881172219932182,8.702370762637676,-12.343432770762462,8.055334450380911,-0.5377394551226786,2.860745101151312,682.0
