family,mean_abs_shap_mm,share_pct,share_ci_lo_pct,share_ci_hi_pct,n_columns,sum_of_column_mean_abs_mm,internal_cancellation_pct,max_within_family_abs_r,split_half_max_disagreement_pct,grouping,model,target,units,n_rows_explained,n_rows_observed,sampled,n_mascons,n_features,predictors,base_value_mm,scope,caveat
Soil moisture,44.86729018936679,31.68835438452611,30.723295481927625,32.71684732975197,11,56.13511203938324,20.072680788650022,0.9856170758821672,0.09899868247417842,source_field,xgboost,mascon_anomaly,mm,83309,83309,False,19,78,"sms,et,ppt,runoff_surface,runoff_anom",0.014446323737502098,"Attribution is for the mascon-scale TWSA ANOMALY only. Level and trend are taken from GRACE per mascon and never enter the model, so nothing here bears on the depletion trend or on total storage.","TreeSHAP splits credit between correlated columns by how the trees were built, not by any property of the data. Antecedent windows in this matrix correlate up to 0.98, so the ordering of families separated by a few percent is not identifiable."
Precipitation,25.644343544644368,18.111792416512188,17.19885271546914,18.944475461325624,15,49.1613672148886,47.836390650913515,0.9978306920955158,0.09899868247417842,source_field,xgboost,mascon_anomaly,mm,83309,83309,False,19,78,"sms,et,ppt,runoff_surface,runoff_anom",0.014446323737502098,"Attribution is for the mascon-scale TWSA ANOMALY only. Level and trend are taken from GRACE per mascon and never enter the model, so nothing here bears on the depletion trend or on total storage.","TreeSHAP splits credit between correlated columns by how the trees were built, not by any property of the data. Antecedent windows in this matrix correlate up to 0.98, so the ordering of families separated by a few percent is not identifiable."
Seasonal harmonics,20.215241866761616,14.277388840270673,13.6071962549845,14.817967338075599,4,25.954326087043235,22.112245184230193,0.029973951157268447,0.09899868247417842,source_field,xgboost,mascon_anomaly,mm,83309,83309,False,19,78,"sms,et,ppt,runoff_surface,runoff_anom",0.014446323737502098,"Attribution is for the mascon-scale TWSA ANOMALY only. Level and trend are taken from GRACE per mascon and never enter the model, so nothing here bears on the depletion trend or on total storage.","TreeSHAP splits credit between correlated columns by how the trees were built, not by any property of the data. Antecedent windows in this matrix correlate up to 0.98, so the ordering of families separated by a few percent is not identifiable."
Surface runoff anomaly,19.970609794297147,14.104612909891166,13.376563000051878,14.88126979497055,9,29.7457511832773,32.862311423070125,0.9579196637305851,0.09899868247417842,source_field,xgboost,mascon_anomaly,mm,83309,83309,False,19,78,"sms,et,ppt,runoff_surface,runoff_anom",0.014446323737502098,"Attribution is for the mascon-scale TWSA ANOMALY only. Level and trend are taken from GRACE per mascon and never enter the model, so nothing here bears on the depletion trend or on total storage.","TreeSHAP splits credit between correlated columns by how the trees were built, not by any property of the data. Antecedent windows in this matrix correlate up to 0.98, so the ordering of families separated by a few percent is not identifiable."
Evapotranspiration,11.64746455135122,8.226237484515929,7.398034997733883,9.210167692380518,15,23.406211462051175,50.23771971711262,0.9982799951020462,0.09899868247417842,source_field,xgboost,mascon_anomaly,mm,83309,83309,False,19,78,"sms,et,ppt,runoff_surface,runoff_anom",0.014446323737502098,"Attribution is for the mascon-scale TWSA ANOMALY only. Level and trend are taken from GRACE per mascon and never enter the model, so nothing here bears on the depletion trend or on total storage.","TreeSHAP splits credit between correlated columns by how the trees were built, not by any property of the data. Antecedent windows in this matrix correlate up to 0.98, so the ordering of families separated by a few percent is not identifiable."
Surface runoff,6.943570055819629,4.904024907542592,4.4195356241547366,5.372426128247262,11,12.139320761419075,42.80100021833567,0.9775932962290277,0.09899868247417842,source_field,xgboost,mascon_anomaly,mm,83309,83309,False,19,78,"sms,et,ppt,runoff_surface,runoff_anom",0.014446323737502098,"Attribution is for the mascon-scale TWSA ANOMALY only. Level and trend are taken from GRACE per mascon and never enter the model, so nothing here bears on the depletion trend or on total storage.","TreeSHAP splits credit between correlated columns by how the trees were built, not by any property of the data. Antecedent windows in this matrix correlate up to 0.98, so the ordering of families separated by a few percent is not identifiable."
Water balance (P minus ET minus Q),4.872960390246322,3.441618495259149,3.120655008850869,3.702072438980824,4,8.489872908658603,42.60266976109247,0.9960702540270816,0.09899868247417842,source_field,xgboost,mascon_anomaly,mm,83309,83309,False,19,78,"sms,et,ppt,runoff_surface,runoff_anom",0.014446323737502098,"Attribution is for the mascon-scale TWSA ANOMALY only. Level and trend are taken from GRACE per mascon and never enter the model, so nothing here bears on the depletion trend or on total storage.","TreeSHAP splits credit between correlated columns by how the trees were built, not by any property of the data. Antecedent windows in this matrix correlate up to 0.98, so the ordering of families separated by a few percent is not identifiable."
Terrain,2.907835515080153,2.0537126691820684,1.8163120007497702,2.4307664335010695,2,3.1674258071639594,8.195623445912293,0.8314798399544292,0.09899868247417842,source_field,xgboost,mascon_anomaly,mm,83309,83309,False,19,78,"sms,et,ppt,runoff_surface,runoff_anom",0.014446323737502098,"Attribution is for the mascon-scale TWSA ANOMALY only. Level and trend are taken from GRACE per mascon and never enter the model, so nothing here bears on the depletion trend or on total storage.","TreeSHAP splits credit between correlated columns by how the trees were built, not by any property of the data. Antecedent windows in this matrix correlate up to 0.98, so the ordering of families separated by a few percent is not identifiable."
Cropland fraction,1.7623722112997449,1.2447080033895714,1.0449283209351834,1.4783569014299813,2,1.946176657374266,9.444386529766813,0.26309335963841285,0.09899868247417842,source_field,xgboost,mascon_anomaly,mm,83309,83309,False,19,78,"sms,et,ppt,runoff_surface,runoff_anom",0.014446323737502098,"Attribution is for the mascon-scale TWSA ANOMALY only. Level and trend are taken from GRACE per mascon and never enter the model, so nothing here bears on the depletion trend or on total storage.","TreeSHAP splits credit between correlated columns by how the trees were built, not by any property of the data. Antecedent windows in this matrix correlate up to 0.98, so the ordering of families separated by a few percent is not identifiable."
Drainage position,1.0109268133330886,0.7139857785596899,0.628117583124943,0.818698398935156,2,1.1488276479589843,12.00361384676729,0.34799896114146867,0.09899868247417842,source_field,xgboost,mascon_anomaly,mm,83309,83309,False,19,78,"sms,et,ppt,runoff_surface,runoff_anom",0.014446323737502098,"Attribution is for the mascon-scale TWSA ANOMALY only. Level and trend are taken from GRACE per mascon and never enter the model, so nothing here bears on the depletion trend or on total storage.","TreeSHAP splits credit between correlated columns by how the trees were built, not by any property of the data. Antecedent windows in this matrix correlate up to 0.98, so the ordering of families separated by a few percent is not identifiable."
Soil hydraulic properties,0.9176218599626411,0.6480874277621387,0.5051358420467235,0.861163348580924,2,1.0326932305172234,11.142841567475836,0.8603088414154465,0.09899868247417842,source_field,xgboost,mascon_anomaly,mm,83309,83309,False,19,78,"sms,et,ppt,runoff_surface,runoff_anom",0.014446323737502098,"Attribution is for the mascon-scale TWSA ANOMALY only. Level and trend are taken from GRACE per mascon and never enter the model, so nothing here bears on the depletion trend or on total storage.","TreeSHAP splits credit between correlated columns by how the trees were built, not by any property of the data. Antecedent windows in this matrix correlate up to 0.98, so the ordering of families separated by a few percent is not identifiable."
Water table depth,0.8289718013770735,0.5854766825887157,0.4595276937095031,0.7503893168845708,1,0.8289718013770735,0.0,,0.09899868247417842,source_field,xgboost,mascon_anomaly,mm,83309,83309,False,19,78,"sms,et,ppt,runoff_surface,runoff_anom",0.014446323737502098,"Attribution is for the mascon-scale TWSA ANOMALY only. Level and trend are taken from GRACE per mascon and never enter the model, so nothing here bears on the depletion trend or on total storage.","TreeSHAP splits credit between correlated columns by how the trees were built, not by any property of the data. Antecedent windows in this matrix correlate up to 0.98, so the ordering of families separated by a few percent is not identifiable."
Neighbourhood context (1 to 2 deg),65.18814037815325,42.086477513901706,40.51261966578169,43.48582678102881,10,73.18076824533672,10.921759990805757,0.9898794736549357,0.05540153540666637,term_type,xgboost,mascon_anomaly,mm,83309,83309,False,19,78,"sms,et,ppt,runoff_surface,runoff_anom",0.014446323737502098,"Attribution is for the mascon-scale TWSA ANOMALY only. Level and trend are taken from GRACE per mascon and never enter the model, so nothing here bears on the depletion trend or on total storage.","TreeSHAP splits credit between correlated columns by how the trees were built, not by any property of the data. Antecedent windows in this matrix correlate up to 0.98, so the ordering of families separated by a few percent is not identifiable."
Antecedent means (1 to 24 mo),34.66829292709588,22.382389223831282,21.246810187433944,23.42869851989586,30,60.737680605057044,42.92127624608474,0.9796958217894219,0.05540153540666637,term_type,xgboost,mascon_anomaly,mm,83309,83309,False,19,78,"sms,et,ppt,runoff_surface,runoff_anom",0.014446323737502098,"Attribution is for the mascon-scale TWSA ANOMALY only. Level and trend are taken from GRACE per mascon and never enter the model, so nothing here bears on the depletion trend or on total storage.","TreeSHAP splits credit between correlated columns by how the trees were built, not by any property of the data. Antecedent windows in this matrix correlate up to 0.98, so the ordering of families separated by a few percent is not identifiable."
Seasonal harmonics,20.215241866761616,13.051274623392617,12.334359710811826,13.658190561856873,4,25.954326087043235,22.112245184230193,0.029973951157268447,0.05540153540666637,term_type,xgboost,mascon_anomaly,mm,83309,83309,False,19,78,"sms,et,ppt,runoff_surface,runoff_anom",0.014446323737502098,"Attribution is for the mascon-scale TWSA ANOMALY only. Level and trend are taken from GRACE per mascon and never enter the model, so nothing here bears on the depletion trend or on total storage.","TreeSHAP splits credit between correlated columns by how the trees were built, not by any property of the data. Antecedent windows in this matrix correlate up to 0.98, so the ordering of families separated by a few percent is not identifiable."
Per-pixel climatology,11.773515242066555,7.601164592522627,6.100591163930206,9.212881860220488,8,15.295656708151757,23.027069273907617,0.967902842581859,0.05540153540666637,term_type,xgboost,mascon_anomaly,mm,83309,83309,False,19,78,"sms,et,ppt,runoff_surface,runoff_anom",0.014446323737502098,"Attribution is for the mascon-scale TWSA ANOMALY only. Level and trend are taken from GRACE per mascon and never enter the model, so nothing here bears on the depletion trend or on total storage.","TreeSHAP splits credit between correlated columns by how the trees were built, not by any property of the data. Antecedent windows in this matrix correlate up to 0.98, so the ordering of families separated by a few percent is not identifiable."
Exponential memory (API) (3 to 120 mo),10.87521712329688,7.02120935285682,6.493956508360629,7.602722560417463,12,22.1914489392029,50.99365907520814,0.9982799951020462,0.05540153540666637,term_type,xgboost,mascon_anomaly,mm,83309,83309,False,19,78,"sms,et,ppt,runoff_surface,runoff_anom",0.014446323737502098,"Attribution is for the mascon-scale TWSA ANOMALY only. Level and trend are taken from GRACE per mascon and never enter the model, so nothing here bears on the depletion trend or on total storage.","TreeSHAP splits credit between correlated columns by how the trees were built, not by any property of the data. Antecedent windows in this matrix correlate up to 0.98, so the ordering of families separated by a few percent is not identifiable."
Static and land cover,6.366707777892809,4.110445583774755,3.6526879088322226,4.760263725676726,9,8.124095144391507,21.631792036703512,0.9965560549440806,0.05540153540666637,term_type,xgboost,mascon_anomaly,mm,83309,83309,False,19,78,"sms,et,ppt,runoff_surface,runoff_anom",0.014446323737502098,"Attribution is for the mascon-scale TWSA ANOMALY only. Level and trend are taken from GRACE per mascon and never enter the model, so nothing here bears on the depletion trend or on total storage.","TreeSHAP splits credit between correlated columns by how the trees were built, not by any property of the data. Antecedent windows in this matrix correlate up to 0.98, so the ordering of families separated by a few percent is not identifiable."
Same month,5.803824076419523,3.747039109720212,3.580537192256692,3.8708487959098123,5,7.672081071929577,24.35137191583634,0.8886171980919452,0.05540153540666637,term_type,xgboost,mascon_anomaly,mm,83309,83309,False,19,78,"sms,et,ppt,runoff_surface,runoff_anom",0.014446323737502098,"Attribution is for the mascon-scale TWSA ANOMALY only. Level and trend are taken from GRACE per mascon and never enter the model, so nothing here bears on the depletion trend or on total storage.","TreeSHAP splits credit between correlated columns by how the trees were built, not by any property of the data. Antecedent windows in this matrix correlate up to 0.98, so the ordering of families separated by a few percent is not identifiable."
