mean_abs_shap_mm,share_pct,share_ci_lo_pct,share_ci_hi_pct,n_columns,sum_of_column_mean_abs_mm,internal_cancellation_pct,split_half_max_disagreement_pct,name,display,field_family,term_family,max_abs_r_any_column,most_correlated_with,model,target,units,n_rows_explained,n_rows_observed,sampled,n_mascons,n_features,predictors,base_value_mm,scope,caveat
23.072363096325184,10.824164906490585,10.27937501485454,11.34622777770811,1,23.072363096325184,0.0,0.032158481281670426,sms_ctx2d,"Soil moisture, 2 deg context",Soil moisture,Neighbourhood context (1 to 2 deg),0.9856170758821672,sms_ctx1d,xgboost,mascon_anomaly,mm,83309,83309,False,19,78,"sms,et,ppt,runoff_surface,runoff_anom",0.014446323737502098,"Attribution is for the mascon-scale TWSA ANOMALY only. Level and trend are taken from GRACE per mascon and never enter the model, so nothing here bears on the depletion trend or on total storage.","TreeSHAP splits credit between correlated columns by how the trees were built, not by any property of the data. Antecedent windows in this matrix correlate up to 0.98, so the ordering of families separated by a few percent is not identifiable."
17.234426507602066,8.085356225032259,7.736119120955253,8.365986499738236,1,17.234426507602066,0.0,0.032158481281670426,sms_ctx1d,"Soil moisture, 1 deg context",Soil moisture,Neighbourhood context (1 to 2 deg),0.9856170758821671,sms_ctx2d,xgboost,mascon_anomaly,mm,83309,83309,False,19,78,"sms,et,ppt,runoff_surface,runoff_anom",0.014446323737502098,"Attribution is for the mascon-scale TWSA ANOMALY only. Level and trend are taken from GRACE per mascon and never enter the model, so nothing here bears on the depletion trend or on total storage.","TreeSHAP splits credit between correlated columns by how the trees were built, not by any property of the data. Antecedent windows in this matrix correlate up to 0.98, so the ordering of families separated by a few percent is not identifiable."
13.260416859437328,6.220989944381493,5.882158398276865,6.513761447099067,1,13.260416859437328,0.0,0.032158481281670426,sin1,"Seasonal sine, 1 per year",Seasonal harmonics,Seasonal harmonics,0.7115462292778129,et_ante3m,xgboost,mascon_anomaly,mm,83309,83309,False,19,78,"sms,et,ppt,runoff_surface,runoff_anom",0.014446323737502098,"Attribution is for the mascon-scale TWSA ANOMALY only. Level and trend are taken from GRACE per mascon and never enter the model, so nothing here bears on the depletion trend or on total storage.","TreeSHAP splits credit between correlated columns by how the trees were built, not by any property of the data. Antecedent windows in this matrix correlate up to 0.98, so the ordering of families separated by a few percent is not identifiable."
12.020835109481354,5.639452751135055,5.422710359842328,5.824301297263738,1,12.020835109481354,0.0,0.032158481281670426,ppt_ctx2d,"Precipitation, 2 deg context",Precipitation,Neighbourhood context (1 to 2 deg),0.9862576499580976,ppt_ctx1d,xgboost,mascon_anomaly,mm,83309,83309,False,19,78,"sms,et,ppt,runoff_surface,runoff_anom",0.014446323737502098,"Attribution is for the mascon-scale TWSA ANOMALY only. Level and trend are taken from GRACE per mascon and never enter the model, so nothing here bears on the depletion trend or on total storage.","TreeSHAP splits credit between correlated columns by how the trees were built, not by any property of the data. Antecedent windows in this matrix correlate up to 0.98, so the ordering of families separated by a few percent is not identifiable."
7.932481475967413,3.721443150625032,3.582312111146035,3.861097006841764,1,7.932481475967413,0.0,0.032158481281670426,runoff_anom_ante3m,"Surface runoff anomaly, antecedent 3 mo",Surface runoff anomaly,Antecedent means (1 to 24 mo),0.9197749784184355,runoff_anom_ante2m,xgboost,mascon_anomaly,mm,83309,83309,False,19,78,"sms,et,ppt,runoff_surface,runoff_anom",0.014446323737502098,"Attribution is for the mascon-scale TWSA ANOMALY only. Level and trend are taken from GRACE per mascon and never enter the model, so nothing here bears on the depletion trend or on total storage.","TreeSHAP splits credit between correlated columns by how the trees were built, not by any property of the data. Antecedent windows in this matrix correlate up to 0.98, so the ordering of families separated by a few percent is not identifiable."
6.551146919267844,3.073404067227821,2.658035563439937,3.4975997477361607,1,6.551146919267844,0.0,0.032158481281670426,runoff_anom_ctx2d,"Surface runoff anomaly, 2 deg context",Surface runoff anomaly,Neighbourhood context (1 to 2 deg),0.9579196637305851,runoff_anom_ctx1d,xgboost,mascon_anomaly,mm,83309,83309,False,19,78,"sms,et,ppt,runoff_surface,runoff_anom",0.014446323737502098,"Attribution is for the mascon-scale TWSA ANOMALY only. Level and trend are taken from GRACE per mascon and never enter the model, so nothing here bears on the depletion trend or on total storage.","TreeSHAP splits credit between correlated columns by how the trees were built, not by any property of the data. Antecedent windows in this matrix correlate up to 0.98, so the ordering of families separated by a few percent is not identifiable."
6.074428687203953,2.849756548495244,2.6528655117577893,3.0428588993698606,1,6.074428687203953,0.0,0.032158481281670426,ppt_ante3m,"Precipitation, antecedent 3 mo",Precipitation,Antecedent means (1 to 24 mo),0.9432496552395224,ppt_api3m,xgboost,mascon_anomaly,mm,83309,83309,False,19,78,"sms,et,ppt,runoff_surface,runoff_anom",0.014446323737502098,"Attribution is for the mascon-scale TWSA ANOMALY only. Level and trend are taken from GRACE per mascon and never enter the model, so nothing here bears on the depletion trend or on total storage.","TreeSHAP splits credit between correlated columns by how the trees were built, not by any property of the data. Antecedent windows in this matrix correlate up to 0.98, so the ordering of families separated by a few percent is not identifiable."
5.790031381980489,2.7163344400684477,2.5308321841090713,2.864164889650338,1,5.790031381980489,0.0,0.032158481281670426,cos2,"Seasonal cosine, 2 per year",Seasonal harmonics,Seasonal harmonics,0.3477080567025287,ppt_ctx2d,xgboost,mascon_anomaly,mm,83309,83309,False,19,78,"sms,et,ppt,runoff_surface,runoff_anom",0.014446323737502098,"Attribution is for the mascon-scale TWSA ANOMALY only. Level and trend are taken from GRACE per mascon and never enter the model, so nothing here bears on the depletion trend or on total storage.","TreeSHAP splits credit between correlated columns by how the trees were built, not by any property of the data. Antecedent windows in this matrix correlate up to 0.98, so the ordering of families separated by a few percent is not identifiable."
4.16316886531274,1.953108406953326,1.889244526942873,2.0213616124421674,1,4.16316886531274,0.0,0.032158481281670426,cos1,"Seasonal cosine, 1 per year",Seasonal harmonics,Seasonal harmonics,0.7104196258262944,ppt_ctx2d,xgboost,mascon_anomaly,mm,83309,83309,False,19,78,"sms,et,ppt,runoff_surface,runoff_anom",0.014446323737502098,"Attribution is for the mascon-scale TWSA ANOMALY only. Level and trend are taken from GRACE per mascon and never enter the model, so nothing here bears on the depletion trend or on total storage.","TreeSHAP splits credit between correlated columns by how the trees were built, not by any property of the data. Antecedent windows in this matrix correlate up to 0.98, so the ordering of families separated by a few percent is not identifiable."
4.145471755630243,1.9448059876141424,1.882586751009738,1.9955476434612491,1,4.145471755630243,0.0,0.032158481281670426,ppt_ctx1d,"Precipitation, 1 deg context",Precipitation,Neighbourhood context (1 to 2 deg),0.9862576499580976,ppt_ctx2d,xgboost,mascon_anomaly,mm,83309,83309,False,19,78,"sms,et,ppt,runoff_surface,runoff_anom",0.014446323737502098,"Attribution is for the mascon-scale TWSA ANOMALY only. Level and trend are taken from GRACE per mascon and never enter the model, so nothing here bears on the depletion trend or on total storage.","TreeSHAP splits credit between correlated columns by how the trees were built, not by any property of the data. Antecedent windows in this matrix correlate up to 0.98, so the ordering of families separated by a few percent is not identifiable."
3.9175320640365165,1.837870395440748,1.6868685591857295,1.9802916133038975,1,3.9175320640365165,0.0,0.032158481281670426,ppt_ante6m,"Precipitation, antecedent 6 mo",Precipitation,Antecedent means (1 to 24 mo),0.8760556621440662,ppt_api3m,xgboost,mascon_anomaly,mm,83309,83309,False,19,78,"sms,et,ppt,runoff_surface,runoff_anom",0.014446323737502098,"Attribution is for the mascon-scale TWSA ANOMALY only. Level and trend are taken from GRACE per mascon and never enter the model, so nothing here bears on the depletion trend or on total storage.","TreeSHAP splits credit between correlated columns by how the trees were built, not by any property of the data. Antecedent windows in this matrix correlate up to 0.98, so the ordering of families separated by a few percent is not identifiable."
3.8316607928510265,1.7975847603646529,1.4954290529596312,2.1022061906360388,1,3.8316607928510265,0.0,0.032158481281670426,ppt_clim_mean,"Precipitation, climatological mean",Precipitation,Per-pixel climatology,0.9925148493283059,ppt_api120m,xgboost,mascon_anomaly,mm,83309,83309,False,19,78,"sms,et,ppt,runoff_surface,runoff_anom",0.014446323737502098,"Attribution is for the mascon-scale TWSA ANOMALY only. Level and trend are taken from GRACE per mascon and never enter the model, so nothing here bears on the depletion trend or on total storage.","TreeSHAP splits credit between correlated columns by how the trees were built, not by any property of the data. Antecedent windows in this matrix correlate up to 0.98, so the ordering of families separated by a few percent is not identifiable."
3.659888164797716,1.71699937582004,1.566388741005005,1.8884539897736028,1,3.659888164797716,0.0,0.032158481281670426,et_ctx2d,"Evapotranspiration, 2 deg context",Evapotranspiration,Neighbourhood context (1 to 2 deg),0.9898794736549356,et_ctx1d,xgboost,mascon_anomaly,mm,83309,83309,False,19,78,"sms,et,ppt,runoff_surface,runoff_anom",0.014446323737502098,"Attribution is for the mascon-scale TWSA ANOMALY only. Level and trend are taken from GRACE per mascon and never enter the model, so nothing here bears on the depletion trend or on total storage.","TreeSHAP splits credit between correlated columns by how the trees were built, not by any property of the data. Antecedent windows in this matrix correlate up to 0.98, so the ordering of families separated by a few percent is not identifiable."
3.594260426071578,1.6862107884765556,1.5653159502278626,1.7926432179491838,1,3.594260426071578,0.0,0.032158481281670426,ppt_api3m,"Precipitation, API 3 mo",Precipitation,Exponential memory (API) (3 to 120 mo),0.9432496552395225,ppt_ante3m,xgboost,mascon_anomaly,mm,83309,83309,False,19,78,"sms,et,ppt,runoff_surface,runoff_anom",0.014446323737502098,"Attribution is for the mascon-scale TWSA ANOMALY only. Level and trend are taken from GRACE per mascon and never enter the model, so nothing here bears on the depletion trend or on total storage.","TreeSHAP splits credit between correlated columns by how the trees were built, not by any property of the data. Antecedent windows in this matrix correlate up to 0.98, so the ordering of families separated by a few percent is not identifiable."
3.4700833987141326,1.6279543967882304,1.492538575392614,1.741770467381292,1,3.4700833987141326,0.0,0.032158481281670426,wb_api3m,"Water balance (P minus ET minus Q), API 3 mo",Water balance (P minus ET minus Q),Exponential memory (API) (3 to 120 mo),0.9222802352030285,ppt_api3m,xgboost,mascon_anomaly,mm,83309,83309,False,19,78,"sms,et,ppt,runoff_surface,runoff_anom",0.014446323737502098,"Attribution is for the mascon-scale TWSA ANOMALY only. Level and trend are taken from GRACE per mascon and never enter the model, so nothing here bears on the depletion trend or on total storage.","TreeSHAP splits credit between correlated columns by how the trees were built, not by any property of the data. Antecedent windows in this matrix correlate up to 0.98, so the ordering of families separated by a few percent is not identifiable."
3.075560386594554,1.4428679310127388,1.2269021535698017,1.6611192327249353,1,3.075560386594554,0.0,0.032158481281670426,sms_clim_mean,"Soil moisture, climatological mean",Soil moisture,Per-pixel climatology,0.9758298559335676,sms_ante24m,xgboost,mascon_anomaly,mm,83309,83309,False,19,78,"sms,et,ppt,runoff_surface,runoff_anom",0.014446323737502098,"Attribution is for the mascon-scale TWSA ANOMALY only. Level and trend are taken from GRACE per mascon and never enter the model, so nothing here bears on the depletion trend or on total storage.","TreeSHAP splits credit between correlated columns by how the trees were built, not by any property of the data. Antecedent windows in this matrix correlate up to 0.98, so the ordering of families separated by a few percent is not identifiable."
3.0650206775468476,1.4379233335164825,1.3127688811973284,1.5427982690357056,1,3.0650206775468476,0.0,0.032158481281670426,runoff_anom_ante12m,"Surface runoff anomaly, antecedent 12 mo",Surface runoff anomaly,Antecedent means (1 to 24 mo),0.7355402172085371,runoff_anom_ante24m,xgboost,mascon_anomaly,mm,83309,83309,False,19,78,"sms,et,ppt,runoff_surface,runoff_anom",0.014446323737502098,"Attribution is for the mascon-scale TWSA ANOMALY only. Level and trend are taken from GRACE per mascon and never enter the model, so nothing here bears on the depletion trend or on total storage.","TreeSHAP splits credit between correlated columns by how the trees were built, not by any property of the data. Antecedent windows in this matrix correlate up to 0.98, so the ordering of families separated by a few percent is not identifiable."
2.831161221314526,1.3282105438627847,1.2579385568618078,1.392117135239611,1,2.831161221314526,0.0,0.032158481281670426,sms,"Soil moisture, same month",Soil moisture,Same month,0.9750857942549845,sms_ctx1d,xgboost,mascon_anomaly,mm,83309,83309,False,19,78,"sms,et,ppt,runoff_surface,runoff_anom",0.014446323737502098,"Attribution is for the mascon-scale TWSA ANOMALY only. Level and trend are taken from GRACE per mascon and never enter the model, so nothing here bears on the depletion trend or on total storage.","TreeSHAP splits credit between correlated columns by how the trees were built, not by any property of the data. Antecedent windows in this matrix correlate up to 0.98, so the ordering of families separated by a few percent is not identifiable."
2.743781225382453,1.2872171058890265,1.1725894401713972,1.378308892535181,1,2.743781225382453,0.0,0.032158481281670426,runoff_anom_ante6m,"Surface runoff anomaly, antecedent 6 mo",Surface runoff anomaly,Antecedent means (1 to 24 mo),0.7007073342068335,runoff_surface_ante6m,xgboost,mascon_anomaly,mm,83309,83309,False,19,78,"sms,et,ppt,runoff_surface,runoff_anom",0.014446323737502098,"Attribution is for the mascon-scale TWSA ANOMALY only. Level and trend are taken from GRACE per mascon and never enter the model, so nothing here bears on the depletion trend or on total storage.","TreeSHAP splits credit between correlated columns by how the trees were built, not by any property of the data. Antecedent windows in this matrix correlate up to 0.98, so the ordering of families separated by a few percent is not identifiable."
2.7407089803126783,1.2857757933052412,1.2135801405762847,1.349131217808919,1,2.7407089803126783,0.0,0.032158481281670426,sin2,"Seasonal sine, 2 per year",Seasonal harmonics,Seasonal harmonics,0.37364999350392464,ppt_ante1m,xgboost,mascon_anomaly,mm,83309,83309,False,19,78,"sms,et,ppt,runoff_surface,runoff_anom",0.014446323737502098,"Attribution is for the mascon-scale TWSA ANOMALY only. Level and trend are taken from GRACE per mascon and never enter the model, so nothing here bears on the depletion trend or on total storage.","TreeSHAP splits credit between correlated columns by how the trees were built, not by any property of the data. Antecedent windows in this matrix correlate up to 0.98, so the ordering of families separated by a few percent is not identifiable."
2.67628556314607,1.2555522011946405,1.2142922878131326,1.2927354469122088,1,2.67628556314607,0.0,0.032158481281670426,ppt_ante1m,"Precipitation, antecedent 1 mo",Precipitation,Antecedent means (1 to 24 mo),0.9028242179748684,ppt_ante2m,xgboost,mascon_anomaly,mm,83309,83309,False,19,78,"sms,et,ppt,runoff_surface,runoff_anom",0.014446323737502098,"Attribution is for the mascon-scale TWSA ANOMALY only. Level and trend are taken from GRACE per mascon and never enter the model, so nothing here bears on the depletion trend or on total storage.","TreeSHAP splits credit between correlated columns by how the trees were built, not by any property of the data. Antecedent windows in this matrix correlate up to 0.98, so the ordering of families separated by a few percent is not identifiable."
2.66125570566731,1.2485010961477954,1.1212102907313852,1.3789554300635039,1,2.66125570566731,0.0,0.032158481281670426,runoff_anom_ante2m,"Surface runoff anomaly, antecedent 2 mo",Surface runoff anomaly,Antecedent means (1 to 24 mo),0.9197749784184356,runoff_anom_ante3m,xgboost,mascon_anomaly,mm,83309,83309,False,19,78,"sms,et,ppt,runoff_surface,runoff_anom",0.014446323737502098,"Attribution is for the mascon-scale TWSA ANOMALY only. Level and trend are taken from GRACE per mascon and never enter the model, so nothing here bears on the depletion trend or on total storage.","TreeSHAP splits credit between correlated columns by how the trees were built, not by any property of the data. Antecedent windows in this matrix correlate up to 0.98, so the ordering of families separated by a few percent is not identifiable."
2.360536218558827,1.1074216017991678,1.0107600783164807,1.2129633583769546,1,2.360536218558827,0.0,0.032158481281670426,runoff_anom_ctx1d,"Surface runoff anomaly, 1 deg context",Surface runoff anomaly,Neighbourhood context (1 to 2 deg),0.9579196637305851,runoff_anom_ctx2d,xgboost,mascon_anomaly,mm,83309,83309,False,19,78,"sms,et,ppt,runoff_surface,runoff_anom",0.014446323737502098,"Attribution is for the mascon-scale TWSA ANOMALY only. Level and trend are taken from GRACE per mascon and never enter the model, so nothing here bears on the depletion trend or on total storage.","TreeSHAP splits credit between correlated columns by how the trees were built, not by any property of the data. Antecedent windows in this matrix correlate up to 0.98, so the ordering of families separated by a few percent is not identifiable."
2.295857796597971,1.07707837677826,0.9088703342856054,1.2288996314949467,1,2.295857796597971,0.0,0.032158481281670426,runoff_surface_ante3m,"Surface runoff, antecedent 3 mo",Surface runoff,Antecedent means (1 to 24 mo),0.9417210714068782,runoff_surface_ante2m,xgboost,mascon_anomaly,mm,83309,83309,False,19,78,"sms,et,ppt,runoff_surface,runoff_anom",0.014446323737502098,"Attribution is for the mascon-scale TWSA ANOMALY only. Level and trend are taken from GRACE per mascon and never enter the model, so nothing here bears on the depletion trend or on total storage.","TreeSHAP splits credit between correlated columns by how the trees were built, not by any property of the data. Antecedent windows in this matrix correlate up to 0.98, so the ordering of families separated by a few percent is not identifiable."
2.286541713242893,1.0727078308529472,0.8504484021700915,1.3800558330468187,1,2.286541713242893,0.0,0.032158481281670426,et_clim_mean,"Evapotranspiration, climatological mean",Evapotranspiration,Per-pixel climatology,0.9936789216579474,et_api120m,xgboost,mascon_anomaly,mm,83309,83309,False,19,78,"sms,et,ppt,runoff_surface,runoff_anom",0.014446323737502098,"Attribution is for the mascon-scale TWSA ANOMALY only. Level and trend are taken from GRACE per mascon and never enter the model, so nothing here bears on the depletion trend or on total storage.","TreeSHAP splits credit between correlated columns by how the trees were built, not by any property of the data. Antecedent windows in this matrix correlate up to 0.98, so the ordering of families separated by a few percent is not identifiable."
2.1618246006843957,1.0141980636757164,0.9319572238845355,1.0915692416572875,1,2.1618246006843957,0.0,0.032158481281670426,et_ante3m,"Evapotranspiration, antecedent 3 mo",Evapotranspiration,Antecedent means (1 to 24 mo),0.9541611194912972,et_ante2m,xgboost,mascon_anomaly,mm,83309,83309,False,19,78,"sms,et,ppt,runoff_surface,runoff_anom",0.014446323737502098,"Attribution is for the mascon-scale TWSA ANOMALY only. Level and trend are taken from GRACE per mascon and never enter the model, so nothing here bears on the depletion trend or on total storage.","TreeSHAP splits credit between correlated columns by how the trees were built, not by any property of the data. Antecedent windows in this matrix correlate up to 0.98, so the ordering of families separated by a few percent is not identifiable."
2.158833318300628,1.0127947339141048,0.7354392454144351,1.3452237007533587,1,2.158833318300628,0.0,0.032158481281670426,ppt_api120m,"Precipitation, API 120 mo",Precipitation,Exponential memory (API) (3 to 120 mo),0.9978306920955157,ppt_api60m,xgboost,mascon_anomaly,mm,83309,83309,False,19,78,"sms,et,ppt,runoff_surface,runoff_anom",0.014446323737502098,"Attribution is for the mascon-scale TWSA ANOMALY only. Level and trend are taken from GRACE per mascon and never enter the model, so nothing here bears on the depletion trend or on total storage.","TreeSHAP splits credit between correlated columns by how the trees were built, not by any property of the data. Antecedent windows in this matrix correlate up to 0.98, so the ordering of families separated by a few percent is not identifiable."
2.1585500249673486,1.0126618297229075,0.8361847891314814,1.1828081765618488,1,2.1585500249673486,0.0,0.032158481281670426,wb_api120m,"Water balance (P minus ET minus Q), API 120 mo",Water balance (P minus ET minus Q),Exponential memory (API) (3 to 120 mo),0.9960702540270816,wb_api60m,xgboost,mascon_anomaly,mm,83309,83309,False,19,78,"sms,et,ppt,runoff_surface,runoff_anom",0.014446323737502098,"Attribution is for the mascon-scale TWSA ANOMALY only. Level and trend are taken from GRACE per mascon and never enter the model, so nothing here bears on the depletion trend or on total storage.","TreeSHAP splits credit between correlated columns by how the trees were built, not by any property of the data. Antecedent windows in this matrix correlate up to 0.98, so the ordering of families separated by a few percent is not identifiable."
2.143888040871693,1.0057833087389432,0.8260027267676089,1.2605245952797335,1,2.143888040871693,0.0,0.032158481281670426,et_api120m,"Evapotranspiration, API 120 mo",Evapotranspiration,Exponential memory (API) (3 to 120 mo),0.9982799951020462,et_api60m,xgboost,mascon_anomaly,mm,83309,83309,False,19,78,"sms,et,ppt,runoff_surface,runoff_anom",0.014446323737502098,"Attribution is for the mascon-scale TWSA ANOMALY only. Level and trend are taken from GRACE per mascon and never enter the model, so nothing here bears on the depletion trend or on total storage.","TreeSHAP splits credit between correlated columns by how the trees were built, not by any property of the data. Antecedent windows in this matrix correlate up to 0.98, so the ordering of families separated by a few percent is not identifiable."
2.1203590785482946,0.9947449349406551,0.8856536444667208,1.0912637298882748,1,2.1203590785482946,0.0,0.032158481281670426,wb_api12m,"Water balance (P minus ET minus Q), API 12 mo",Water balance (P minus ET minus Q),Exponential memory (API) (3 to 120 mo),0.9243329953706978,ppt_api12m,xgboost,mascon_anomaly,mm,83309,83309,False,19,78,"sms,et,ppt,runoff_surface,runoff_anom",0.014446323737502098,"Attribution is for the mascon-scale TWSA ANOMALY only. Level and trend are taken from GRACE per mascon and never enter the model, so nothing here bears on the depletion trend or on total storage.","TreeSHAP splits credit between correlated columns by how the trees were built, not by any property of the data. Antecedent windows in this matrix correlate up to 0.98, so the ordering of families separated by a few percent is not identifiable."
2.046367067718285,0.9600323342571807,0.7953315546173476,1.1573428713596,1,2.046367067718285,0.0,0.032158481281670426,et_api60m,"Evapotranspiration, API 60 mo",Evapotranspiration,Exponential memory (API) (3 to 120 mo),0.9982799951020462,et_api120m,xgboost,mascon_anomaly,mm,83309,83309,False,19,78,"sms,et,ppt,runoff_surface,runoff_anom",0.014446323737502098,"Attribution is for the mascon-scale TWSA ANOMALY only. Level and trend are taken from GRACE per mascon and never enter the model, so nothing here bears on the depletion trend or on total storage.","TreeSHAP splits credit between correlated columns by how the trees were built, not by any property of the data. Antecedent windows in this matrix correlate up to 0.98, so the ordering of families separated by a few percent is not identifiable."
1.9315176156089322,0.9061518797991055,0.8025626007693354,1.0292535709861255,1,1.9315176156089322,0.0,0.032158481281670426,ppt_clim_std,"Precipitation, climatological s.d.",Precipitation,Per-pixel climatology,0.862939294354674,ppt_clim_mean,xgboost,mascon_anomaly,mm,83309,83309,False,19,78,"sms,et,ppt,runoff_surface,runoff_anom",0.014446323737502098,"Attribution is for the mascon-scale TWSA ANOMALY only. Level and trend are taken from GRACE per mascon and never enter the model, so nothing here bears on the depletion trend or on total storage.","TreeSHAP splits credit between correlated columns by how the trees were built, not by any property of the data. Antecedent windows in this matrix correlate up to 0.98, so the ordering of families separated by a few percent is not identifiable."
1.873638197640248,0.878998338474831,0.724498844260226,1.0275743309626497,1,1.873638197640248,0.0,0.032158481281670426,runoff_anom_ante24m,"Surface runoff anomaly, antecedent 24 mo",Surface runoff anomaly,Antecedent means (1 to 24 mo),0.7355402172085371,runoff_anom_ante12m,xgboost,mascon_anomaly,mm,83309,83309,False,19,78,"sms,et,ppt,runoff_surface,runoff_anom",0.014446323737502098,"Attribution is for the mascon-scale TWSA ANOMALY only. Level and trend are taken from GRACE per mascon and never enter the model, so nothing here bears on the depletion trend or on total storage.","TreeSHAP splits credit between correlated columns by how the trees were built, not by any property of the data. Antecedent windows in this matrix correlate up to 0.98, so the ordering of families separated by a few percent is not identifiable."
1.7724651226999109,0.8315340175173751,0.6751933259742658,0.9851025218468786,1,1.7724651226999109,0.0,0.032158481281670426,sms_ante12m,"Soil moisture, antecedent 12 mo",Soil moisture,Antecedent means (1 to 24 mo),0.9785834280594602,sms_ante24m,xgboost,mascon_anomaly,mm,83309,83309,False,19,78,"sms,et,ppt,runoff_surface,runoff_anom",0.014446323737502098,"Attribution is for the mascon-scale TWSA ANOMALY only. Level and trend are taken from GRACE per mascon and never enter the model, so nothing here bears on the depletion trend or on total storage.","TreeSHAP splits credit between correlated columns by how the trees were built, not by any property of the data. Antecedent windows in this matrix correlate up to 0.98, so the ordering of families separated by a few percent is not identifiable."
1.7703637789077575,0.8305481934109956,0.7458397562953952,0.9214092875055873,1,1.7703637789077575,0.0,0.032158481281670426,runoff_surface_ctx2d,"Surface runoff, 2 deg context",Surface runoff,Neighbourhood context (1 to 2 deg),0.9536013450641712,runoff_surface_ctx1d,xgboost,mascon_anomaly,mm,83309,83309,False,19,78,"sms,et,ppt,runoff_surface,runoff_anom",0.014446323737502098,"Attribution is for the mascon-scale TWSA ANOMALY only. Level and trend are taken from GRACE per mascon and never enter the model, so nothing here bears on the depletion trend or on total storage.","TreeSHAP splits credit between correlated columns by how the trees were built, not by any property of the data. Antecedent windows in this matrix correlate up to 0.98, so the ordering of families separated by a few percent is not identifiable."
1.7543710311956677,0.8230453581868424,0.7849444427589461,0.8634612301752717,1,1.7543710311956677,0.0,0.032158481281670426,ppt_ante2m,"Precipitation, antecedent 2 mo",Precipitation,Antecedent means (1 to 24 mo),0.9373844017410242,ppt_ante3m,xgboost,mascon_anomaly,mm,83309,83309,False,19,78,"sms,et,ppt,runoff_surface,runoff_anom",0.014446323737502098,"Attribution is for the mascon-scale TWSA ANOMALY only. Level and trend are taken from GRACE per mascon and never enter the model, so nothing here bears on the depletion trend or on total storage.","TreeSHAP splits credit between correlated columns by how the trees were built, not by any property of the data. Antecedent windows in this matrix correlate up to 0.98, so the ordering of families separated by a few percent is not identifiable."
1.7510858895171126,0.821504167320462,0.7347653263833311,0.9006900382157569,1,1.7510858895171126,0.0,0.032158481281670426,et_ante2m,"Evapotranspiration, antecedent 2 mo",Evapotranspiration,Antecedent means (1 to 24 mo),0.9541611194912972,et_ante3m,xgboost,mascon_anomaly,mm,83309,83309,False,19,78,"sms,et,ppt,runoff_surface,runoff_anom",0.014446323737502098,"Attribution is for the mascon-scale TWSA ANOMALY only. Level and trend are taken from GRACE per mascon and never enter the model, so nothing here bears on the depletion trend or on total storage.","TreeSHAP splits credit between correlated columns by how the trees were built, not by any property of the data. Antecedent windows in this matrix correlate up to 0.98, so the ordering of families separated by a few percent is not identifiable."
1.6804461394496168,0.7883642457401869,0.681453385617468,0.8976405138692359,1,1.6804461394496168,0.0,0.032158481281670426,sms_ante24m,"Soil moisture, antecedent 24 mo",Soil moisture,Antecedent means (1 to 24 mo),0.9785834280594602,sms_ante12m,xgboost,mascon_anomaly,mm,83309,83309,False,19,78,"sms,et,ppt,runoff_surface,runoff_anom",0.014446323737502098,"Attribution is for the mascon-scale TWSA ANOMALY only. Level and trend are taken from GRACE per mascon and never enter the model, so nothing here bears on the depletion trend or on total storage.","TreeSHAP splits credit between correlated columns by how the trees were built, not by any property of the data. Antecedent windows in this matrix correlate up to 0.98, so the ordering of families separated by a few percent is not identifiable."
1.6299287205059092,0.7646645115164283,0.736015413445564,0.7882378696802098,1,1.6299287205059092,0.0,0.032158481281670426,ppt,"Precipitation, same month",Precipitation,Same month,0.9785815525450207,ppt_ctx1d,xgboost,mascon_anomaly,mm,83309,83309,False,19,78,"sms,et,ppt,runoff_surface,runoff_anom",0.014446323737502098,"Attribution is for the mascon-scale TWSA ANOMALY only. Level and trend are taken from GRACE per mascon and never enter the model, so nothing here bears on the depletion trend or on total storage.","TreeSHAP splits credit between correlated columns by how the trees were built, not by any property of the data. Antecedent windows in this matrix correlate up to 0.98, so the ordering of families separated by a few percent is not identifiable."
1.6096872608061499,0.7551684361979373,0.6479628509213186,0.8872331403000651,1,1.6096872608061499,0.0,0.032158481281670426,elevation_std,Sub-grid elevation s.d.,Terrain,Static and land cover,0.9965560549440806,hnd,xgboost,mascon_anomaly,mm,83309,83309,False,19,78,"sms,et,ppt,runoff_surface,runoff_anom",0.014446323737502098,"Attribution is for the mascon-scale TWSA ANOMALY only. Level and trend are taken from GRACE per mascon and never enter the model, so nothing here bears on the depletion trend or on total storage.","TreeSHAP splits credit between correlated columns by how the trees were built, not by any property of the data. Antecedent windows in this matrix correlate up to 0.98, so the ordering of families separated by a few percent is not identifiable."
1.6055606294609592,0.7532324689976051,0.6765395599737389,0.8226266933070531,1,1.6055606294609592,0.0,0.032158481281670426,sms_ante2m,"Soil moisture, antecedent 2 mo",Soil moisture,Antecedent means (1 to 24 mo),0.9563476219826388,sms_ante3m,xgboost,mascon_anomaly,mm,83309,83309,False,19,78,"sms,et,ppt,runoff_surface,runoff_anom",0.014446323737502098,"Attribution is for the mascon-scale TWSA ANOMALY only. Level and trend are taken from GRACE per mascon and never enter the model, so nothing here bears on the depletion trend or on total storage.","TreeSHAP splits credit between correlated columns by how the trees were built, not by any property of the data. Antecedent windows in this matrix correlate up to 0.98, so the ordering of families separated by a few percent is not identifiable."
1.5577385463578097,0.7307972242192827,0.5960672413850042,0.9724275672229248,1,1.5577385463578097,0.0,0.032158481281670426,elevation,Elevation,Terrain,Static and land cover,0.8512717368229613,wtd,xgboost,mascon_anomaly,mm,83309,83309,False,19,78,"sms,et,ppt,runoff_surface,runoff_anom",0.014446323737502098,"Attribution is for the mascon-scale TWSA ANOMALY only. Level and trend are taken from GRACE per mascon and never enter the model, so nothing here bears on the depletion trend or on total storage.","TreeSHAP splits credit between correlated columns by how the trees were built, not by any property of the data. Antecedent windows in this matrix correlate up to 0.98, so the ordering of families separated by a few percent is not identifiable."
1.5459103316470666,0.725248137372654,0.6662395686242703,0.7933437477850733,1,1.5459103316470666,0.0,0.032158481281670426,ppt_ante12m,"Precipitation, antecedent 12 mo",Precipitation,Antecedent means (1 to 24 mo),0.9615367980133666,ppt_ante24m,xgboost,mascon_anomaly,mm,83309,83309,False,19,78,"sms,et,ppt,runoff_surface,runoff_anom",0.014446323737502098,"Attribution is for the mascon-scale TWSA ANOMALY only. Level and trend are taken from GRACE per mascon and never enter the model, so nothing here bears on the depletion trend or on total storage.","TreeSHAP splits credit between correlated columns by how the trees were built, not by any property of the data. Antecedent windows in this matrix correlate up to 0.98, so the ordering of families separated by a few percent is not identifiable."
1.53969214650013,0.7223309389405501,0.6730562168759839,0.7689176097692973,1,1.53969214650013,0.0,0.032158481281670426,sms_ante3m,"Soil moisture, antecedent 3 mo",Soil moisture,Antecedent means (1 to 24 mo),0.9563476219826388,sms_ante2m,xgboost,mascon_anomaly,mm,83309,83309,False,19,78,"sms,et,ppt,runoff_surface,runoff_anom",0.014446323737502098,"Attribution is for the mascon-scale TWSA ANOMALY only. Level and trend are taken from GRACE per mascon and never enter the model, so nothing here bears on the depletion trend or on total storage.","TreeSHAP splits credit between correlated columns by how the trees were built, not by any property of the data. Antecedent windows in this matrix correlate up to 0.98, so the ordering of families separated by a few percent is not identifiable."
1.5348765599332412,0.7200717553925161,0.5562750233024503,0.9338366462012918,1,1.5348765599332412,0.0,0.032158481281670426,ppt_api60m,"Precipitation, API 60 mo",Precipitation,Exponential memory (API) (3 to 120 mo),0.9978306920955158,ppt_api120m,xgboost,mascon_anomaly,mm,83309,83309,False,19,78,"sms,et,ppt,runoff_surface,runoff_anom",0.014446323737502098,"Attribution is for the mascon-scale TWSA ANOMALY only. Level and trend are taken from GRACE per mascon and never enter the model, so nothing here bears on the depletion trend or on total storage.","TreeSHAP splits credit between correlated columns by how the trees were built, not by any property of the data. Antecedent windows in this matrix correlate up to 0.98, so the ordering of families separated by a few percent is not identifiable."
1.5210773610799664,0.7135980013456628,0.6656207834980871,0.7590988434987416,1,1.5210773610799664,0.0,0.032158481281670426,ppt_ante24m,"Precipitation, antecedent 24 mo",Precipitation,Antecedent means (1 to 24 mo),0.9777101072310653,ppt_api60m,xgboost,mascon_anomaly,mm,83309,83309,False,19,78,"sms,et,ppt,runoff_surface,runoff_anom",0.014446323737502098,"Attribution is for the mascon-scale TWSA ANOMALY only. Level and trend are taken from GRACE per mascon and never enter the model, so nothing here bears on the depletion trend or on total storage.","TreeSHAP splits credit between correlated columns by how the trees were built, not by any property of the data. Antecedent windows in this matrix correlate up to 0.98, so the ordering of families separated by a few percent is not identifiable."
1.482900001552112,0.6956874807154768,0.57069569198741,0.8195355277733255,1,1.482900001552112,0.0,0.032158481281670426,runoff_surface_clim_mean,"Surface runoff, climatological mean",Surface runoff,Per-pixel climatology,0.9718585946177527,runoff_surface_ante24m,xgboost,mascon_anomaly,mm,83309,83309,False,19,78,"sms,et,ppt,runoff_surface,runoff_anom",0.014446323737502098,"Attribution is for the mascon-scale TWSA ANOMALY only. Level and trend are taken from GRACE per mascon and never enter the model, so nothing here bears on the depletion trend or on total storage.","TreeSHAP splits credit between correlated columns by how the trees were built, not by any property of the data. Antecedent windows in this matrix correlate up to 0.98, so the ordering of families separated by a few percent is not identifiable."
1.4154992091684673,0.6640670832493454,0.6161017995595223,0.7035202966517154,1,1.4154992091684673,0.0,0.032158481281670426,et_ante6m,"Evapotranspiration, antecedent 6 mo",Evapotranspiration,Antecedent means (1 to 24 mo),0.912008795272098,et_api3m,xgboost,mascon_anomaly,mm,83309,83309,False,19,78,"sms,et,ppt,runoff_surface,runoff_anom",0.014446323737502098,"Attribution is for the mascon-scale TWSA ANOMALY only. Level and trend are taken from GRACE per mascon and never enter the model, so nothing here bears on the depletion trend or on total storage.","TreeSHAP splits credit between correlated columns by how the trees were built, not by any property of the data. Antecedent windows in this matrix correlate up to 0.98, so the ordering of families separated by a few percent is not identifiable."
1.4088658559904557,0.6609551129504198,0.630509604210338,0.6939404200954583,1,1.4088658559904557,0.0,0.032158481281670426,runoff_anom,"Surface runoff anomaly, same month",Surface runoff anomaly,Same month,0.9325867723596457,runoff_anom_ctx1d,xgboost,mascon_anomaly,mm,83309,83309,False,19,78,"sms,et,ppt,runoff_surface,runoff_anom",0.014446323737502098,"Attribution is for the mascon-scale TWSA ANOMALY only. Level and trend are taken from GRACE per mascon and never enter the model, so nothing here bears on the depletion trend or on total storage.","TreeSHAP splits credit between correlated columns by how the trees were built, not by any property of the data. Antecedent windows in this matrix correlate up to 0.98, so the ordering of families separated by a few percent is not identifiable."
1.3903840232826716,0.6522845487707545,0.5722051838276445,0.7691134047886292,1,1.3903840232826716,0.0,0.032158481281670426,et_ante24m,"Evapotranspiration, antecedent 24 mo",Evapotranspiration,Antecedent means (1 to 24 mo),0.9859298668554164,et_api60m,xgboost,mascon_anomaly,mm,83309,83309,False,19,78,"sms,et,ppt,runoff_surface,runoff_anom",0.014446323737502098,"Attribution is for the mascon-scale TWSA ANOMALY only. Level and trend are taken from GRACE per mascon and never enter the model, so nothing here bears on the depletion trend or on total storage.","TreeSHAP splits credit between correlated columns by how the trees were built, not by any property of the data. Antecedent windows in this matrix correlate up to 0.98, so the ordering of families separated by a few percent is not identifiable."
1.3610476810793193,0.6385217016607028,0.5844375807482703,0.6855015873121707,1,1.3610476810793193,0.0,0.032158481281670426,runoff_surface_ctx1d,"Surface runoff, 1 deg context",Surface runoff,Neighbourhood context (1 to 2 deg),0.9536013450641712,runoff_surface_ctx2d,xgboost,mascon_anomaly,mm,83309,83309,False,19,78,"sms,et,ppt,runoff_surface,runoff_anom",0.014446323737502098,"Attribution is for the mascon-scale TWSA ANOMALY only. Level and trend are taken from GRACE per mascon and never enter the model, so nothing here bears on the depletion trend or on total storage.","TreeSHAP splits credit between correlated columns by how the trees were built, not by any property of the data. Antecedent windows in this matrix correlate up to 0.98, so the ordering of families separated by a few percent is not identifiable."
1.3499337623228522,0.6333077195091953,0.5830849847137886,0.6764371532881885,1,1.3499337623228522,0.0,0.032158481281670426,sms_ante1m,"Soil moisture, antecedent 1 mo",Soil moisture,Antecedent means (1 to 24 mo),0.9401607079415353,sms_ante2m,xgboost,mascon_anomaly,mm,83309,83309,False,19,78,"sms,et,ppt,runoff_surface,runoff_anom",0.014446323737502098,"Attribution is for the mascon-scale TWSA ANOMALY only. Level and trend are taken from GRACE per mascon and never enter the model, so nothing here bears on the depletion trend or on total storage.","TreeSHAP splits credit between correlated columns by how the trees were built, not by any property of the data. Antecedent windows in this matrix correlate up to 0.98, so the ordering of families separated by a few percent is not identifiable."
1.231983466046679,0.5779725354913057,0.4911979550441923,0.6776472526860018,1,1.231983466046679,0.0,0.032158481281670426,crop_rainfed,Rainfed cropland fraction,Cropland fraction,Static and land cover,0.4369564972212888,ppt_api120m,xgboost,mascon_anomaly,mm,83309,83309,False,19,78,"sms,et,ppt,runoff_surface,runoff_anom",0.014446323737502098,"Attribution is for the mascon-scale TWSA ANOMALY only. Level and trend are taken from GRACE per mascon and never enter the model, so nothing here bears on the depletion trend or on total storage.","TreeSHAP splits credit between correlated columns by how the trees were built, not by any property of the data. Antecedent windows in this matrix correlate up to 0.98, so the ordering of families separated by a few percent is not identifiable."
1.1921441972217326,0.5592823469867778,0.5110615946839969,0.6062822890454516,1,1.1921441972217326,0.0,0.032158481281670426,sms_ante6m,"Soil moisture, antecedent 6 mo",Soil moisture,Antecedent means (1 to 24 mo),0.794582389259577,sms_ante3m,xgboost,mascon_anomaly,mm,83309,83309,False,19,78,"sms,et,ppt,runoff_surface,runoff_anom",0.014446323737502098,"Attribution is for the mascon-scale TWSA ANOMALY only. Level and trend are taken from GRACE per mascon and never enter the model, so nothing here bears on the depletion trend or on total storage.","TreeSHAP splits credit between correlated columns by how the trees were built, not by any property of the data. Antecedent windows in this matrix correlate up to 0.98, so the ordering of families separated by a few percent is not identifiable."
1.1586608152046551,0.5435739582505762,0.5214297442013822,0.5614020126962936,1,1.1586608152046551,0.0,0.032158481281670426,et_ante1m,"Evapotranspiration, antecedent 1 mo",Evapotranspiration,Antecedent means (1 to 24 mo),0.9387232432507289,et_ante2m,xgboost,mascon_anomaly,mm,83309,83309,False,19,78,"sms,et,ppt,runoff_surface,runoff_anom",0.014446323737502098,"Attribution is for the mascon-scale TWSA ANOMALY only. Level and trend are taken from GRACE per mascon and never enter the model, so nothing here bears on the depletion trend or on total storage.","TreeSHAP splits credit between correlated columns by how the trees were built, not by any property of the data. Antecedent windows in this matrix correlate up to 0.98, so the ordering of families separated by a few percent is not identifiable."
1.1490249072559047,0.5390533698641334,0.4817866804245727,0.6027549104068032,1,1.1490249072559047,0.0,0.032158481281670426,runoff_anom_ante1m,"Surface runoff anomaly, antecedent 1 mo",Surface runoff anomaly,Antecedent means (1 to 24 mo),0.8892416321131865,runoff_surface_ante1m,xgboost,mascon_anomaly,mm,83309,83309,False,19,78,"sms,et,ppt,runoff_surface,runoff_anom",0.014446323737502098,"Attribution is for the mascon-scale TWSA ANOMALY only. Level and trend are taken from GRACE per mascon and never enter the model, so nothing here bears on the depletion trend or on total storage.","TreeSHAP splits credit between correlated columns by how the trees were built, not by any property of the data. Antecedent windows in this matrix correlate up to 0.98, so the ordering of families separated by a few percent is not identifiable."
1.1108477601900306,0.5211429489083285,0.44232335427732883,0.591207755429302,1,1.1108477601900306,0.0,0.032158481281670426,runoff_surface_ante2m,"Surface runoff, antecedent 2 mo",Surface runoff,Antecedent means (1 to 24 mo),0.9417210714068782,runoff_surface_ante3m,xgboost,mascon_anomaly,mm,83309,83309,False,19,78,"sms,et,ppt,runoff_surface,runoff_anom",0.014446323737502098,"Attribution is for the mascon-scale TWSA ANOMALY only. Level and trend are taken from GRACE per mascon and never enter the model, so nothing here bears on the depletion trend or on total storage.","TreeSHAP splits credit between correlated columns by how the trees were built, not by any property of the data. Antecedent windows in this matrix correlate up to 0.98, so the ordering of families separated by a few percent is not identifiable."
1.0809711586640258,0.5071266446219899,0.4713790195258886,0.5405107825964712,1,1.0809711586640258,0.0,0.032158481281670426,et,"Evapotranspiration, same month",Evapotranspiration,Same month,0.9857080184470924,et_ctx1d,xgboost,mascon_anomaly,mm,83309,83309,False,19,78,"sms,et,ppt,runoff_surface,runoff_anom",0.014446323737502098,"Attribution is for the mascon-scale TWSA ANOMALY only. Level and trend are taken from GRACE per mascon and never enter the model, so nothing here bears on the depletion trend or on total storage.","TreeSHAP splits credit between correlated columns by how the trees were built, not by any property of the data. Antecedent windows in this matrix correlate up to 0.98, so the ordering of families separated by a few percent is not identifiable."
1.0632823293072746,0.49882810991356447,0.42166105767130535,0.5696389694633192,1,1.0632823293072746,0.0,0.032158481281670426,et_clim_std,"Evapotranspiration, climatological s.d.",Evapotranspiration,Per-pixel climatology,0.7436537291907139,elevation_std,xgboost,mascon_anomaly,mm,83309,83309,False,19,78,"sms,et,ppt,runoff_surface,runoff_anom",0.014446323737502098,"Attribution is for the mascon-scale TWSA ANOMALY only. Level and trend are taken from GRACE per mascon and never enter the model, so nothing here bears on the depletion trend or on total storage.","TreeSHAP splits credit between correlated columns by how the trees were built, not by any property of the data. Antecedent windows in this matrix correlate up to 0.98, so the ordering of families separated by a few percent is not identifiable."
1.0046890136864057,0.47133965075355105,0.4320535358522502,0.5079193071570395,1,1.0046890136864057,0.0,0.032158481281670426,et_ctx1d,"Evapotranspiration, 1 deg context",Evapotranspiration,Neighbourhood context (1 to 2 deg),0.9898794736549357,et_ctx2d,xgboost,mascon_anomaly,mm,83309,83309,False,19,78,"sms,et,ppt,runoff_surface,runoff_anom",0.014446323737502098,"Attribution is for the mascon-scale TWSA ANOMALY only. Level and trend are taken from GRACE per mascon and never enter the model, so nothing here bears on the depletion trend or on total storage.","TreeSHAP splits credit between correlated columns by how the trees were built, not by any property of the data. Antecedent windows in this matrix correlate up to 0.98, so the ordering of families separated by a few percent is not identifiable."
0.8961407310484203,0.4204153259808952,0.3615037855972984,0.4751539088106837,1,0.8961407310484203,0.0,0.032158481281670426,runoff_surface_ante6m,"Surface runoff, antecedent 6 mo",Surface runoff,Antecedent means (1 to 24 mo),0.8072798998649248,ppt_ante6m,xgboost,mascon_anomaly,mm,83309,83309,False,19,78,"sms,et,ppt,runoff_surface,runoff_anom",0.014446323737502098,"Attribution is for the mascon-scale TWSA ANOMALY only. Level and trend are taken from GRACE per mascon and never enter the model, so nothing here bears on the depletion trend or on total storage.","TreeSHAP splits credit between correlated columns by how the trees were built, not by any property of the data. Antecedent windows in this matrix correlate up to 0.98, so the ordering of families separated by a few percent is not identifiable."
0.8891210312951261,0.41712210510852565,0.37957089925999044,0.4539329906147881,1,0.8891210312951261,0.0,0.032158481281670426,et_api3m,"Evapotranspiration, API 3 mo",Evapotranspiration,Exponential memory (API) (3 to 120 mo),0.9459180356315485,et_ante3m,xgboost,mascon_anomaly,mm,83309,83309,False,19,78,"sms,et,ppt,runoff_surface,runoff_anom",0.014446323737502098,"Attribution is for the mascon-scale TWSA ANOMALY only. Level and trend are taken from GRACE per mascon and never enter the model, so nothing here bears on the depletion trend or on total storage.","TreeSHAP splits credit between correlated columns by how the trees were built, not by any property of the data. Antecedent windows in this matrix correlate up to 0.98, so the ordering of families separated by a few percent is not identifiable."
0.8754987231799036,0.4107313375555619,0.3612486307456254,0.46496528089421413,1,0.8754987231799036,0.0,0.032158481281670426,hnd,Height above nearest drainage,Drainage position,Static and land cover,0.9965560549440806,elevation_std,xgboost,mascon_anomaly,mm,83309,83309,False,19,78,"sms,et,ppt,runoff_surface,runoff_anom",0.014446323737502098,"Attribution is for the mascon-scale TWSA ANOMALY only. Level and trend are taken from GRACE per mascon and never enter the model, so nothing here bears on the depletion trend or on total storage.","TreeSHAP splits credit between correlated columns by how the trees were built, not by any property of the data. Antecedent windows in this matrix correlate up to 0.98, so the ordering of families separated by a few percent is not identifiable."
0.8441566964531522,0.3960275439138943,0.35761681334195666,0.438266007403719,1,0.8441566964531522,0.0,0.032158481281670426,et_ante12m,"Evapotranspiration, antecedent 12 mo",Evapotranspiration,Antecedent means (1 to 24 mo),0.9796958217894219,et_ante24m,xgboost,mascon_anomaly,mm,83309,83309,False,19,78,"sms,et,ppt,runoff_surface,runoff_anom",0.014446323737502098,"Attribution is for the mascon-scale TWSA ANOMALY only. Level and trend are taken from GRACE per mascon and never enter the model, so nothing here bears on the depletion trend or on total storage.","TreeSHAP splits credit between correlated columns by how the trees were built, not by any property of the data. Antecedent windows in this matrix correlate up to 0.98, so the ordering of families separated by a few percent is not identifiable."
0.8428350391032555,0.395407501786201,0.31904614611361437,0.48872601620146877,1,0.8428350391032555,0.0,0.032158481281670426,runoff_surface_clim_std,"Surface runoff, climatological s.d.",Surface runoff,Per-pixel climatology,0.967902842581859,runoff_surface_clim_mean,xgboost,mascon_anomaly,mm,83309,83309,False,19,78,"sms,et,ppt,runoff_surface,runoff_anom",0.014446323737502098,"Attribution is for the mascon-scale TWSA ANOMALY only. Level and trend are taken from GRACE per mascon and never enter the model, so nothing here bears on the depletion trend or on total storage.","TreeSHAP splits credit between correlated columns by how the trees were built, not by any property of the data. Antecedent windows in this matrix correlate up to 0.98, so the ordering of families separated by a few percent is not identifiable."
0.8289718013770735,0.3889037045522724,0.3095784873742391,0.4908286454145688,1,0.8289718013770735,0.0,0.032158481281670426,wtd,Water table depth,Water table depth,Static and land cover,0.9505657781278317,elevation_std,xgboost,mascon_anomaly,mm,83309,83309,False,19,78,"sms,et,ppt,runoff_surface,runoff_anom",0.014446323737502098,"Attribution is for the mascon-scale TWSA ANOMALY only. Level and trend are taken from GRACE per mascon and never enter the model, so nothing here bears on the depletion trend or on total storage.","TreeSHAP splits credit between correlated columns by how the trees were built, not by any property of the data. Antecedent windows in this matrix correlate up to 0.98, so the ordering of families separated by a few percent is not identifiable."
0.8243778781964478,0.3867485121314856,0.35935937644547944,0.4117620642611121,1,0.8243778781964478,0.0,0.032158481281670426,ppt_api12m,"Precipitation, API 12 mo",Precipitation,Exponential memory (API) (3 to 120 mo),0.9463500166264177,ppt_api60m,xgboost,mascon_anomaly,mm,83309,83309,False,19,78,"sms,et,ppt,runoff_surface,runoff_anom",0.014446323737502098,"Attribution is for the mascon-scale TWSA ANOMALY only. Level and trend are taken from GRACE per mascon and never enter the model, so nothing here bears on the depletion trend or on total storage.","TreeSHAP splits credit between correlated columns by how the trees were built, not by any property of the data. Antecedent windows in this matrix correlate up to 0.98, so the ordering of families separated by a few percent is not identifiable."
0.7813588298917064,0.36656656236644525,0.31072860803427305,0.42578767434932047,1,0.7813588298917064,0.0,0.032158481281670426,sms_clim_std,"Soil moisture, climatological s.d.",Soil moisture,Per-pixel climatology,0.7849101411251832,hnd,xgboost,mascon_anomaly,mm,83309,83309,False,19,78,"sms,et,ppt,runoff_surface,runoff_anom",0.014446323737502098,"Attribution is for the mascon-scale TWSA ANOMALY only. Level and trend are taken from GRACE per mascon and never enter the model, so nothing here bears on the depletion trend or on total storage.","TreeSHAP splits credit between correlated columns by how the trees were built, not by any property of the data. Antecedent windows in this matrix correlate up to 0.98, so the ordering of families separated by a few percent is not identifiable."
0.7408804064288271,0.3475765209524928,0.29614077524403215,0.39873367853130853,1,0.7408804064288271,0.0,0.032158481281670426,wb_api60m,"Water balance (P minus ET minus Q), API 60 mo",Water balance (P minus ET minus Q),Exponential memory (API) (3 to 120 mo),0.9960702540270816,wb_api120m,xgboost,mascon_anomaly,mm,83309,83309,False,19,78,"sms,et,ppt,runoff_surface,runoff_anom",0.014446323737502098,"Attribution is for the mascon-scale TWSA ANOMALY only. Level and trend are taken from GRACE per mascon and never enter the model, so nothing here bears on the depletion trend or on total storage.","TreeSHAP splits credit between correlated columns by how the trees were built, not by any property of the data. Antecedent windows in this matrix correlate up to 0.98, so the ordering of families separated by a few percent is not identifiable."
0.7211541154546602,0.3383221318114079,0.3074722814489812,0.3643758494569118,1,0.7211541154546602,0.0,0.032158481281670426,runoff_surface,"Surface runoff, same month",Surface runoff,Same month,0.928363587642327,runoff_surface_ctx1d,xgboost,mascon_anomaly,mm,83309,83309,False,19,78,"sms,et,ppt,runoff_surface,runoff_anom",0.014446323737502098,"Attribution is for the mascon-scale TWSA ANOMALY only. Level and trend are taken from GRACE per mascon and never enter the model, so nothing here bears on the depletion trend or on total storage.","TreeSHAP splits credit between correlated columns by how the trees were built, not by any property of the data. Antecedent windows in this matrix correlate up to 0.98, so the ordering of families separated by a few percent is not identifiable."
0.7141931913275871,0.3350564849273655,0.29504584141126705,0.38169930855754336,1,0.7141931913275871,0.0,0.032158481281670426,crop_irrigated,Irrigated cropland fraction,Cropland fraction,Static and land cover,0.6171540117201019,elevation_std,xgboost,mascon_anomaly,mm,83309,83309,False,19,78,"sms,et,ppt,runoff_surface,runoff_anom",0.014446323737502098,"Attribution is for the mascon-scale TWSA ANOMALY only. Level and trend are taken from GRACE per mascon and never enter the model, so nothing here bears on the depletion trend or on total storage.","TreeSHAP splits credit between correlated columns by how the trees were built, not by any property of the data. Antecedent windows in this matrix correlate up to 0.98, so the ordering of families separated by a few percent is not identifiable."
0.6937013940656785,0.3254429662831224,0.2943319203526236,0.35734468406298636,1,0.6937013940656785,0.0,0.032158481281670426,runoff_surface_ante1m,"Surface runoff, antecedent 1 mo",Surface runoff,Antecedent means (1 to 24 mo),0.8975419199390544,runoff_surface_ante2m,xgboost,mascon_anomaly,mm,83309,83309,False,19,78,"sms,et,ppt,runoff_surface,runoff_anom",0.014446323737502098,"Attribution is for the mascon-scale TWSA ANOMALY only. Level and trend are taken from GRACE per mascon and never enter the model, so nothing here bears on the depletion trend or on total storage.","TreeSHAP splits credit between correlated columns by how the trees were built, not by any property of the data. Antecedent windows in this matrix correlate up to 0.98, so the ordering of families separated by a few percent is not identifiable."
0.5827793224242278,0.2734050024991762,0.22200608518265338,0.34168851022242314,1,0.5827793224242278,0.0,0.032158481281670426,awc,Available water capacity,Soil hydraulic properties,Static and land cover,0.8603088414154465,root_depth,xgboost,mascon_anomaly,mm,83309,83309,False,19,78,"sms,et,ppt,runoff_surface,runoff_anom",0.014446323737502098,"Attribution is for the mascon-scale TWSA ANOMALY only. Level and trend are taken from GRACE per mascon and never enter the model, so nothing here bears on the depletion trend or on total storage.","TreeSHAP splits credit between correlated columns by how the trees were built, not by any property of the data. Antecedent windows in this matrix correlate up to 0.98, so the ordering of families separated by a few percent is not identifiable."
0.5098517081573001,0.23919175265707884,0.2168688092074485,0.26907652319002845,1,0.5098517081573001,0.0,0.032158481281670426,et_api12m,"Evapotranspiration, API 12 mo",Evapotranspiration,Exponential memory (API) (3 to 120 mo),0.9683548942546059,et_api60m,xgboost,mascon_anomaly,mm,83309,83309,False,19,78,"sms,et,ppt,runoff_surface,runoff_anom",0.014446323737502098,"Attribution is for the mascon-scale TWSA ANOMALY only. Level and trend are taken from GRACE per mascon and never enter the model, so nothing here bears on the depletion trend or on total storage.","TreeSHAP splits credit between correlated columns by how the trees were built, not by any property of the data. Antecedent windows in this matrix correlate up to 0.98, so the ordering of families separated by a few percent is not identifiable."
0.48295559142934213,0.2265737125546324,0.19955157363516737,0.2606427125457477,1,0.48295559142934213,0.0,0.032158481281670426,runoff_surface_ante24m,"Surface runoff, antecedent 24 mo",Surface runoff,Antecedent means (1 to 24 mo),0.9775932962290277,runoff_surface_ante12m,xgboost,mascon_anomaly,mm,83309,83309,False,19,78,"sms,et,ppt,runoff_surface,runoff_anom",0.014446323737502098,"Attribution is for the mascon-scale TWSA ANOMALY only. Level and trend are taken from GRACE per mascon and never enter the model, so nothing here bears on the depletion trend or on total storage.","TreeSHAP splits credit between correlated columns by how the trees were built, not by any property of the data. Antecedent windows in this matrix correlate up to 0.98, so the ordering of families separated by a few percent is not identifiable."
0.4815168719905284,0.22589875193638628,0.19991068561964767,0.25284329013061785,1,0.4815168719905284,0.0,0.032158481281670426,runoff_surface_ante12m,"Surface runoff, antecedent 12 mo",Surface runoff,Antecedent means (1 to 24 mo),0.9775932962290277,runoff_surface_ante24m,xgboost,mascon_anomaly,mm,83309,83309,False,19,78,"sms,et,ppt,runoff_surface,runoff_anom",0.014446323737502098,"Attribution is for the mascon-scale TWSA ANOMALY only. Level and trend are taken from GRACE per mascon and never enter the model, so nothing here bears on the depletion trend or on total storage.","TreeSHAP splits credit between correlated columns by how the trees were built, not by any property of the data. Antecedent windows in this matrix correlate up to 0.98, so the ordering of families separated by a few percent is not identifiable."
0.4499139080929956,0.21107254227018843,0.16777240761650417,0.27634441649007213,1,0.4499139080929956,0.0,0.032158481281670426,root_depth,Obstacle-to-roots depth,Soil hydraulic properties,Static and land cover,0.8603088414154464,awc,xgboost,mascon_anomaly,mm,83309,83309,False,19,78,"sms,et,ppt,runoff_surface,runoff_anom",0.014446323737502098,"Attribution is for the mascon-scale TWSA ANOMALY only. Level and trend are taken from GRACE per mascon and never enter the model, so nothing here bears on the depletion trend or on total storage.","TreeSHAP splits credit between correlated columns by how the trees were built, not by any property of the data. Antecedent windows in this matrix correlate up to 0.98, so the ordering of families separated by a few percent is not identifiable."
0.2733289247790807,0.12822949011207915,0.11032306698888175,0.14651991913785734,1,0.2733289247790807,0.0,0.032158481281670426,upa_log,Log upstream drainage area,Drainage position,Static and land cover,0.4688469006333967,crop_irrigated,xgboost,mascon_anomaly,mm,83309,83309,False,19,78,"sms,et,ppt,runoff_surface,runoff_anom",0.014446323737502098,"Attribution is for the mascon-scale TWSA ANOMALY only. Level and trend are taken from GRACE per mascon and never enter the model, so nothing here bears on the depletion trend or on total storage.","TreeSHAP splits credit between correlated columns by how the trees were built, not by any property of the data. Antecedent windows in this matrix correlate up to 0.98, so the ordering of families separated by a few percent is not identifiable."
