well_id,lat,lon,n_months,RMSE,MAE,MBE,R2,NSE
22.4917_88.3167,22.4917,88.3167,45,306.77598712207566,250.6138430783559,65.97356291698355,0.0029210903839951767,-19.34085083803791
22.5486_75.7619,22.5486,75.7619,64,125.07979257093481,103.5384513650773,5.2525047688509705,0.342713094516089,-16.229593591810435
22.6392_76.3472,22.6392,76.3472,65,90.11569944345062,71.35749738971825,27.015284481789454,0.48076670437118746,-0.6354339332692136
22.7089_76.2753,22.7089,76.2753,63,133.91163890719497,104.29726429066572,45.48700337388398,0.1878272720169764,-7.905546405080342
22.7300_76.2292,22.73,76.2292,60,103.80053950901656,78.89452641560197,18.543440265206378,0.404287431847837,-0.5800279774855706
22.8581_76.2500,22.8581,76.25,64,127.59703715974156,104.24419451513955,39.223800322909135,0.5841228134552686,-7.2264014993488495
22.8583_81.6458,22.8583,81.6458,63,107.28227075174321,83.89198645635175,52.59409567622118,0.3533421278759707,-1.6183940516402742
22.9083_82.9500,22.9083,82.95,61,106.97503827367892,87.13699872215174,-4.930873746277169,0.32225724646992265,0.2406344324600881
22.9167_77.6511,22.9167,77.6511,64,113.478052404533,86.18051158243877,41.007022640643385,0.18117661061028362,-1.4175828242132678
22.9333_81.6083,22.9333,81.6083,59,141.28823792741846,118.08133714192807,69.40241150841169,0.3638519481085752,0.13776258530615848
22.9711_75.8278,22.9711,75.8278,63,151.02400266132753,125.32421522813142,17.352376403163984,0.618410790827141,-22.171388131340294
22.9736_76.0681,22.9736,76.0681,64,127.47599229890434,105.4024246176271,-1.2277180853884246,0.5261919689148825,-1.8033699957780733
22.9836_81.8894,22.9836,81.8894,65,88.45050877411138,65.71371679289366,39.79307458800546,0.6643590835759254,-1.4187207358108127
22.9878_76.2069,22.9878,76.2069,65,123.18854665652592,95.70926763229915,31.683502025414622,0.4792549216053738,-0.29519803850980386
23.0097_81.6103,23.0097,81.6103,64,111.08924943959825,82.25305422290585,57.751059770756406,0.4021847304305075,-2.0835498380257813
23.0261_77.6786,23.0261,77.6786,65,100.36876828130765,83.16117083054321,34.35268308963533,0.3505366152196475,-0.4756586884229528
23.0306_81.8389,23.0306,81.8389,62,149.26281703262995,115.00631860099618,103.83537980282946,0.2157352533671063,-1.651934813549342
23.0319_77.0189,23.0319,77.0189,64,139.6675393109348,111.19152652951685,71.9484046038726,0.4203058667406202,-15.299728031783307
23.0392_80.4422,23.0392,80.4422,64,131.98132223280197,102.36611987339532,86.01261112455018,0.3531519211221143,-14.384542975328149
23.0583_83.1000,23.0583,83.1,61,87.17191509056245,64.27893236439566,-9.101244668032944,0.535704371465299,-0.5086561418644282
23.0667_88.7542,23.0667,88.7542,49,178.5903477631965,128.03804328048975,67.64156822254806,0.26415279935626,-11.788578936260912
23.0844_82.0694,23.0844,82.0694,64,103.68277820460776,78.75784306609111,41.86850827059018,0.5185806675217474,0.3630077125116359
23.0917_80.5000,23.0917,80.5,62,141.35595538221114,111.65802961164906,91.55631636957969,0.34649994464509587,-32.48477224383275
23.1000_83.3542,23.1,83.3542,61,83.05465553669049,65.28683119801414,-17.597583383400845,0.5716763741567608,-1.0304398999480417
23.1261_80.6261,23.1261,80.6261,63,139.26682128312407,108.80853946152298,93.40404702229617,0.37808606995169475,-40.27408090413859
23.1533_76.9625,23.1533,76.9625,64,135.85990174125578,106.94585879266384,65.224041862244,0.31307440449189444,-3.983218405791064
23.1617_77.0564,23.1617,77.0564,64,152.9331479334021,120.01996269705494,91.41014608819316,0.21927288136569226,-8.053119655288775
23.1833_80.7006,23.1833,80.7006,65,135.86241304755725,104.401465412519,82.01895753637363,0.3249446521466596,-24.708039887787628
23.1847_82.9717,23.1847,82.9717,63,91.5501456315615,70.45975624720253,-11.703207100459496,0.42008505368440435,0.10546590244331211
23.1958_81.9786,23.1958,81.9786,65,84.0609319048639,64.4199228823651,15.443497234805838,0.6781954338632648,-2.056291763688416
23.1972_75.8667,23.1972,75.8667,64,152.40976556342127,128.33765754874713,35.98797224603543,0.41545044744099346,-3.4372521113198617
23.2078_76.7394,23.2078,76.7394,57,131.7807315277556,104.07962832989878,74.59255884148739,0.4620553173985425,-2.4762438903736297
23.2103_81.4181,23.2103,81.4181,64,120.53123808099576,84.26605356229265,53.642004239588175,0.2419049877638553,-1.1152236222254501
23.2144_82.1042,23.2144,82.1042,62,84.62517284364965,67.08931136855068,-24.785645744157964,0.6534889268750839,0.6158007971745667
23.2250_81.5244,23.225,81.5244,60,159.41467498972622,126.31574738632293,86.61829052473674,0.0018294781977851587,-5.138816037752423
23.2544_77.5806,23.2544,77.5806,64,273.48406451541405,224.30774727547447,-28.588583769373727,0.2864788445753753,0.257350526732957
23.3000_83.0792,23.3,83.0792,62,111.80983935021182,85.57233238900433,-28.693109323472562,0.3406229354045026,0.10983472973219188
23.3103_76.3333,23.3103,76.3333,62,138.6490525542773,111.26094894878672,67.98255995021046,0.507217237574564,-2.2849357515020583
23.3106_75.7922,23.3106,75.7922,60,150.53821395129214,127.38455323884162,3.7893759600362698,0.48407738412191986,-8.820985317739142
23.3175_77.0472,23.3175,77.0472,64,130.05634452260455,104.36560292379457,52.82911462688724,0.3807103038679976,-0.1455358273803098
23.3192_78.0906,23.3192,78.0906,63,135.21221829322383,102.22636892023085,64.92475719280402,0.10526396460019281,-12.629321829518242
23.3219_81.2978,23.3219,81.2978,64,168.30747514069625,124.27026776086741,97.38154392359493,0.038587165070615576,-2.8838074133306835
23.3342_76.8333,23.3342,76.8333,62,126.69931827029464,97.01625769253816,63.28775624379073,0.41326756197999714,-2.3814902907408335
23.3375_83.4042,23.3375,83.4042,61,95.46020795766276,79.23745797407435,-41.24480101366513,0.6040383594821103,-0.9459945771267553
23.3528_82.8631,23.3528,82.8631,60,104.5265131096239,80.48007876147912,-16.120631605387537,0.47633422441155493,-1.0523202764460544
23.3547_81.6667,23.3547,81.6667,64,100.90523442740317,72.56793951365775,33.04772086231003,0.4334948336342764,0.0651006818790828
23.3561_77.4178,23.3561,77.4178,62,140.19055910004556,108.84514986360729,77.40709587772119,0.30814775241751385,-2.965049300217333
23.3856_79.0156,23.3856,79.0156,65,176.18676459520475,136.16808115335158,100.95410549861842,0.10989154394006712,-2.110533202189297
23.3928_80.9828,23.3928,80.9828,63,148.07325102578804,109.87075067322877,96.94897828131914,0.15588176036605408,-4.27960859710639
23.3964_79.5389,23.3964,79.5389,59,187.4481275983857,139.46477335027382,108.37851217773674,5.799971215977363e-05,-5.880782628609002
23.4056_76.7094,23.4056,76.7094,64,127.33344323402245,104.27918745191482,39.42053418406161,0.4132146211648024,0.15598332463172337
23.4083_78.2261,23.4083,78.2261,64,178.4033421497073,138.62718629608423,111.1774986811497,0.03511914963734119,-16.867989215746547
23.4206_78.8056,23.4206,78.8056,61,172.74054457557835,135.9016177970812,109.02967425521955,0.06652917705723542,-12.787811483725639
23.4211_76.2764,23.4211,76.2764,61,129.4444678231811,103.8206771125559,48.23295312017357,0.6607829251129868,-4.684650387701083
23.4292_83.0583,23.4292,83.0583,61,83.52376992429896,66.77689509368825,-6.402732881639565,0.5891716978896324,-0.28847360870557903
23.4403_74.9775,23.4403,74.9775,60,167.7616752650046,139.3762687244211,7.042885367438275,0.4950008317063238,-19.95968814386276
23.4408_81.6728,23.4408,81.6728,63,96.36212848811385,72.00486384471348,13.382637173144659,0.41551031021744333,-0.0902013041261529
23.4525_77.6975,23.4525,77.6975,62,260.52387676791733,217.2228398288261,29.516333995169866,0.24964074970998557,0.23727017117101457
23.4569_74.9328,23.4569,74.9328,65,153.57709481273565,124.19697507793195,-24.146664529134675,0.47420071482408965,-4.868553158764798
23.4617_75.7961,23.4617,75.7961,64,147.15057871083852,118.65296973555243,17.457998030959594,0.5908390265040082,-7.020818780112453
23.4644_76.5381,23.4644,76.5381,61,128.5584772636597,101.06516177366866,61.93705859377548,0.43727663834955094,-0.57596190884147
23.4908_81.4094,23.4908,81.4094,65,80.70148156355474,66.22866869914877,22.889239424077143,0.6440788124339738,0.5280801786556951
23.5022_76.0722,23.5022,76.0722,64,123.7156918904006,100.30842032887077,33.1704262870486,0.6115570761468212,-1.2741682662867606
23.5111_83.1569,23.5111,83.1569,60,89.36104950629867,67.61655938668599,1.3462697745838292,0.6095852538645791,-0.10923375859073614
23.5250_80.8394,23.525,80.8394,65,174.8298806699427,135.15058203297264,111.11754664128485,0.08060930408704829,-3.56472427535411
23.5256_77.8236,23.5256,77.8236,65,398.23935851812183,326.38720385914246,-3.5630168269724645,0.36844052222030826,0.2788965903784858
23.5319_78.2958,23.5319,78.2958,64,166.58672588370672,127.25476985351077,102.3317561415697,0.1275126720258999,-5.366021404753068
23.5325_75.5708,23.5325,75.5708,64,122.78381665672268,100.05761800632318,9.835959298736523,0.6299875156663146,-0.24456783522432302
23.5375_79.7014,23.5375,79.7014,64,220.10381222319964,176.21714214260174,117.52738593639447,0.08214281128584718,-0.6303459744871236
23.5667_75.5083,23.5667,75.5083,63,163.91104090979906,133.77112377185742,15.402700030222556,0.6318762819774673,-9.705554596003076
23.5694_76.4722,23.5694,76.4722,65,136.8547188989742,105.40237964113768,47.72836684656908,0.43053536940556303,-8.883571025804574
23.5756_77.7806,23.5756,77.7806,63,165.73243660020893,125.69133026708259,101.16565647354611,0.13515665953956116,-14.19413302183388
23.5783_77.6981,23.5783,77.6981,59,181.06869230098644,133.47566693445174,96.95444398301603,0.07932011213293007,-1.3932351786776365
23.6067_78.3486,23.6067,78.3486,65,146.46290725565265,112.00259929929175,80.52678451868181,0.2467651771818395,-5.434389779350202
23.6228_77.4306,23.6228,77.4306,65,407.12791649891085,326.45817957823385,12.698937412831837,0.2967796059776335,0.23989733315668293
23.6261_78.5750,23.6261,78.575,63,166.4843637911275,127.60562850266759,102.95298117633058,0.1825236122590633,-5.703823446466349
23.6333_75.1222,23.6333,75.1222,64,146.91224872600748,122.16565339638993,-10.912826025254631,0.5953283384850299,-2.560557072398791
23.6406_79.0653,23.6406,79.0653,65,153.09103325430664,113.13776908114797,85.75245388685364,0.23092247508161146,-4.554715012564632
23.6644_80.9436,23.6644,80.9436,65,126.64671037521813,98.99715569972636,73.91017418664804,0.39241420215211836,-3.529096047403338
23.6667_78.1144,23.6667,78.1144,62,150.53012979648085,111.82489742552286,73.06021905105503,0.19079077052572577,-4.6116520746718495
23.6667_81.5458,23.6667,81.5458,63,109.36718555085581,84.7283540634869,58.30057372999667,0.518858357988444,-1.0123303829473391
23.6742_77.0694,23.6742,77.0694,64,418.4643001678592,322.56127362988275,-35.59230832722963,0.344202877919142,0.2421819818565023
23.6906_77.0083,23.6906,77.0083,65,127.34941291883113,95.45355939503514,60.24708814781328,0.4491722480811348,-4.268736063075035
23.6917_81.6653,23.6917,81.6653,61,174.32515488027872,128.95775567671174,93.41610489239379,0.03718746264761561,-2.2046538854968003
23.7050_79.5367,23.705,79.5367,63,170.93666710948796,136.27083019041262,97.75971836839057,0.1155823456407058,-2.359655868951473
23.7083_80.3172,23.7083,80.3172,62,129.48324205976743,104.51222499725905,77.29021554078099,0.3687895329919926,-1.5433913026667145
23.7106_80.8319,23.7106,80.8319,63,141.88106505614226,106.25969757586984,85.27898294235219,0.30151254112457243,-4.28770950888458
23.7158_78.8136,23.7158,78.8136,59,193.31567287354898,149.45556903815572,118.75824000655349,0.0007020971537109221,-11.874678254770808
23.7214_81.0208,23.7214,81.0208,65,146.24224340124564,116.18479437826369,95.341138169213,0.33726882334374325,-6.53189908231817
23.7217_75.3833,23.7217,75.3833,62,155.54768158481096,128.7234207553087,-28.99599317407371,0.4121390392440326,-2.626186482959547
23.7278_78.4053,23.7278,78.4053,62,166.96600900210112,132.85451553649565,95.93742993398091,0.19389935269241093,-5.961203676706383
23.7361_78.5886,23.7361,78.5886,65,160.70656997838356,127.26572939907122,92.28161965164283,0.22764428927770292,-6.026737475199436
23.7389_75.8533,23.7389,75.8533,64,148.9705425278839,126.20462616344147,-13.66605585999653,0.37084513426992205,-1.192571706384201
23.7458_84.4083,23.7458,84.4083,55,129.5672917197267,107.720241423908,-19.010059572753857,0.14177197536798844,-1.4536897550892496
23.7561_81.3611,23.7561,81.3611,63,173.91959427138397,135.74794032464234,112.46283032651849,0.11438401792219836,-2.9489925336586253
23.7578_75.5297,23.7578,75.5297,60,151.69662769322986,130.44301088809968,40.356883762677505,0.4283912059400605,-0.3701905817229052
23.7717_77.6092,23.7717,77.6092,63,143.3196850935107,106.91442146863325,68.33268669787246,0.25058491062630256,-4.023680266416313
23.7839_79.1289,23.7839,79.1289,61,166.65048597953992,132.30476186444284,100.55689762843296,0.14005006478271007,-12.242984355687305
23.7878_75.8061,23.7878,75.8061,62,143.73788197387339,122.92924700413599,-0.9536697020280985,0.6147045539408534,-12.33010833825512
23.7944_77.2564,23.7944,77.2564,62,120.54995151641668,95.36354206099433,52.83674920378321,0.11104519234008234,-10.032360043195116
23.7972_80.8300,23.7972,80.83,63,173.89427014615165,135.24047790033563,106.40475460954045,0.10376090679389961,-3.2982076037902095
23.8067_78.1236,23.8067,78.1236,64,164.1680648724738,125.94973190837123,81.82318099528949,0.15740288575878936,-4.759682106848501
23.8083_81.3881,23.8083,81.3881,65,135.84400159195735,104.21714999754397,73.4514639768119,0.26874842363919227,-5.887267868270631
23.8217_80.4986,23.8217,80.4986,65,138.70482479782956,107.17567672720389,77.19319276870154,0.3785639919172538,-0.2093573356461047
23.8269_80.6217,23.8269,80.6217,65,174.74631593121433,144.22734033281617,55.876912009618174,0.2753555819254098,0.1510171741827987
23.8306_80.3986,23.8306,80.3986,65,185.310658862215,143.10927378205992,116.76021926744022,0.004484717175146266,-10.95716598914998
23.8333_78.7675,23.8333,78.7675,65,136.2795423975733,107.20714168031795,73.95919337577443,0.4530877859083314,-2.783272190837751
23.8333_84.7958,23.8333,84.7958,57,101.81857020523078,83.32534086061479,-20.724980109804644,0.3701351282518018,-3.458079026123821
23.8458_84.1917,23.8458,84.1917,59,129.68279494094324,101.47205949435983,-23.66704158434878,0.2761532410930669,-14.271343842175385
23.8500_84.3458,23.85,84.3458,60,124.02877729135307,101.88993883828898,-36.286594025294214,0.5098767742138302,-4.823780497256644
23.8506_80.5567,23.8506,80.5567,65,186.4626826790764,152.2845313747653,97.32382229529384,0.10307136902503548,-0.886362883259046
23.8525_76.1042,23.8525,76.1042,63,115.77924527473104,97.53946534477399,17.31585972445762,0.7208195817707044,-1.753679374538144
23.8539_78.9356,23.8539,78.9356,63,170.03060329018595,133.59070628391586,100.61025037287747,0.09699293201622018,-8.766081439821294
23.8619_80.6986,23.8619,80.6986,65,119.74656670833004,95.3629360247652,62.03364507256197,0.4815710853004001,0.09050503186070191
23.8631_77.9244,23.8631,77.9244,62,158.66311306074246,122.11911208544846,84.35779101305559,0.13154642855560603,-7.324665945750024
23.8967_76.4533,23.8967,76.4533,64,99.98212886377819,76.58411288171092,33.092381753471784,0.6199702577928105,0.017010757745532068
23.8972_79.5667,23.8972,79.5667,60,163.91057493857795,131.06740605490305,68.05660277260046,0.1289985942529082,-0.8377412075344062
23.8972_82.5028,23.8972,82.5028,63,110.34997610751337,83.15573168935181,-8.717773901639905,0.32544845558511076,-0.3852533913881633
23.9008_78.0550,23.9008,78.055,63,159.45294618707476,128.45147290621634,73.4549765886167,0.16818796273959746,-2.0654710490477344
23.9017_80.8106,23.9017,80.8106,64,127.88569900505568,102.05842947944738,53.3021752920118,0.4449830842600298,0.24741420432025607
23.9028_80.2514,23.9028,80.2514,64,160.31235516694227,123.62851402085809,90.01412321338691,0.19909211289027468,-1.3790263051818288
23.9061_78.5925,23.9061,78.5925,62,176.71197729935983,135.66147333728426,105.25482585282093,0.07673994926080253,-8.389669625355392
23.9094_80.1419,23.9094,80.1419,65,139.80310253773473,114.47861289843192,56.1201285965241,0.34302858435507017,-0.022961802599994696
23.9133_76.9167,23.9133,76.9167,63,132.9717412692736,101.47675084655769,53.85952375150566,0.19476066047512644,-2.0168306951847184
23.9250_75.0989,23.925,75.0989,65,160.11457011657865,131.14028247288036,-36.48065943464816,0.35578090128006734,-1.4874129345770069
23.9283_81.3667,23.9283,81.3667,61,147.83561463834715,112.84083609221409,79.85580906914883,0.17410185932239652,-2.142075291720853
23.9292_79.4694,23.9292,79.4694,63,149.05382194520445,113.58680805184518,86.73454822486318,0.2582933537528926,-5.794452822543679
23.9361_80.8144,23.9361,80.8144,64,160.16815352524966,124.22848267392985,94.31910263727005,0.1658228471232295,-1.7920544184989393
23.9486_81.4583,23.9486,81.4583,57,184.51536484653403,151.97525024525234,106.57150490081412,0.08328865007726016,-1.2888377188273412
23.9539_83.0792,23.9539,83.0792,62,115.39105917322192,87.4439301439639,-19.515479317929163,0.4437091231484058,-4.719443013001971
23.9550_79.4044,23.955,79.4044,63,171.53024856921232,134.3786903657726,110.79614728528026,0.13798466767436826,-28.45210882659022
23.9733_78.4819,23.9733,78.4819,65,181.8120068404401,138.1421923394307,99.93341392482564,0.023271128892036842,-9.798030865373224
23.9792_80.3147,23.9792,80.3147,60,132.5188262147558,105.41801738661951,55.17651940496358,0.21018844399594475,-1.093376229984464
24.0078_82.9033,24.0078,82.9033,61,126.17741293505414,99.19441207846774,-29.192282137639612,0.29046655927112847,-6.61623234919949
24.0144_75.0833,24.0144,75.0833,63,152.09379048029663,126.11498476729788,-32.79492758166745,0.4360972904405377,-2.9455309259843756
24.0183_79.0494,24.0183,79.0494,63,182.57254073325373,136.22186027645134,109.38703222032761,0.04790291678974108,-11.781077932231673
24.0222_83.0264,24.0222,83.0264,62,110.86950043520409,90.82714051002458,-23.264674441551634,0.49729904286194365,-1.9378548115347791
24.0253_75.4450,24.0253,75.445,64,161.82281484670784,131.43716656681318,13.288331410601852,0.2878524453938365,-5.183824086593934
24.0317_75.1981,24.0317,75.1981,65,148.21957803841212,123.61309492427365,-13.191799522478036,0.4157178752589376,0.03286044001289268
24.0417_78.6397,24.0417,78.6397,63,162.9481609352176,125.22566363309485,95.02425600418599,0.235902494262483,-8.338313685932453
24.0425_76.5792,24.0425,76.5792,64,121.64158622710075,94.6741023854878,25.34716914046537,0.4931023961978371,-6.301246584491164
24.0450_81.9222,24.045,81.9222,64,144.92755894398502,112.52162595627375,-56.89223116127771,0.23011658458694245,-0.33627606520174624
24.0456_78.9672,24.0456,78.9672,65,151.67973310561996,122.46872005957437,81.91974901060196,0.24031576758345335,-9.810482572800991
24.0500_75.4897,24.05,75.4897,64,147.69563401793002,118.64789900406674,-25.13464634603946,0.4458447378872914,-3.9256356979105114
24.0500_83.1000,24.05,83.1,62,166.86514722952944,131.57111038911745,-60.419894163577354,0.009862457340092353,-3.1079168931940737
24.0528_75.0842,24.0528,75.0842,65,153.33811173511182,124.30234044990301,-57.88082238544991,0.4267914476179577,-1.051950001998181
24.0656_79.6397,24.0656,79.6397,64,156.56559911825963,120.10315123952722,94.53829695668153,0.1893837091065446,-5.412856758147695
24.0769_75.6425,24.0769,75.6425,65,144.15115125109608,119.63022546678629,-7.980076672363711,0.49447771855114586,-4.144763151064605
24.0800_76.1550,24.08,76.155,65,127.28164863725168,106.11403789468325,10.211691324979714,0.41884187514075394,-3.9167232355849846
24.0986_77.6886,24.0986,77.6886,66,134.98000095815283,105.20046304755395,62.10167623714897,0.23332176825883266,-5.700598594291446
24.1014_81.8192,24.1014,81.8192,64,96.1700037822559,72.48656922134191,36.762911926724826,0.571843372426897,-0.30218794176122854
24.1039_80.5764,24.1039,80.5764,61,146.36547732112558,113.00082745649757,75.20723933085034,0.23146295535801467,-17.89238457729416
24.1147_77.8192,24.1147,77.8192,63,143.65731187469726,111.4680688534539,67.84688679602448,0.21407007999920527,-8.828248296114548
24.1156_81.7500,24.1156,81.75,62,115.81260989186312,82.50065180610532,49.02629481877111,0.4025320991414939,-1.2257337747399437
24.1167_83.0550,24.1167,83.055,63,122.62373093968874,92.79777409264437,-21.05653286207597,0.5346785571757591,-10.546636599169345
24.1250_78.0433,24.125,78.0433,63,152.6947369817789,120.26844850537542,81.14717772617865,0.14849986635904627,-4.428197653500825
24.1264_80.8681,24.1264,80.8681,63,139.27473194288362,113.5648829871641,-15.71380012655491,0.3596414087490364,0.29118399297064335
24.1300_76.3139,24.13,76.3139,62,118.3188098350739,96.53590189749892,-6.445096984456854,0.46550929671294616,-2.0457564650004647
24.1356_77.0100,24.1356,77.01,61,115.38209858717308,91.7673883562955,24.943970321368667,0.3087654572746225,-0.9679028797461555
24.1619_81.8625,24.1619,81.8625,65,115.33202744322142,82.61795342784423,28.73707083356083,0.5135684945653908,-9.632333455396587
24.1714_80.6772,24.1714,80.6772,64,116.96136510120297,94.88419091603302,48.50864841610284,0.40350383746220037,-7.178790453942279
24.1750_79.6708,24.175,79.6708,63,167.6353961008067,126.35607667263032,96.19477385407441,0.04154924272472471,-7.440156520529484
24.1792_84.0250,24.1792,84.025,55,139.85991470098935,116.16159564347844,-60.311308759170366,0.3280123112285726,-5.433448549683009
24.1817_79.0250,24.1817,79.025,64,160.1663162686073,122.70793224520858,51.620127648156235,0.13084750415508767,-0.4514060779398743
24.1883_76.1744,24.1883,76.1744,60,127.9669901475196,107.82258988437334,-0.055154030295281584,0.4086902804448383,-3.0047939043472347
24.1906_79.9661,24.1906,79.9661,64,152.12881031410163,117.70501120310271,86.0140800079194,0.09572265865554273,-7.465759341713191
24.1914_75.6400,24.1914,75.64,65,154.24154127534135,121.76885097399735,-20.92939717335577,0.3995928998190556,-5.172317982726587
24.1925_75.5000,24.1925,75.5,61,160.8790050770291,131.1384079021767,-19.50219228270892,0.28587196041778357,-8.697838013093758
24.1964_75.0083,24.1964,75.0083,64,156.42915208727325,128.11598706543447,-56.27571621735892,0.3483125515171015,-1.8623175350804355
24.2011_78.3631,24.2011,78.3631,64,157.9897357752683,120.92984870815968,88.52716595980087,0.1918530220329727,-14.498222764102367
24.2064_82.7700,24.2064,82.77,58,119.39150386760026,99.44359783112317,-31.082820020489294,0.35320443253176365,-2.323220740728376
24.2075_82.9881,24.2075,82.9881,61,87.72742325286325,67.30929438934952,-9.4366743588578,0.4966799291336364,-0.9154736407859294
24.2097_82.8736,24.2097,82.8736,59,112.70043145257834,92.24125012228046,-30.51494763721854,0.22411683455082235,-2.363580156121247
24.2117_77.1967,24.2117,77.1967,64,104.61653306449982,82.0519383624196,8.488849247992018,0.36455388503965297,-0.505305887546208
24.2194_75.5219,24.2194,75.5219,63,137.5202245730872,112.83931058514379,-21.019110078093984,0.5284440111221529,-2.3036830812266427
24.2308_83.2347,24.2308,83.2347,63,133.7428914026523,104.32082152297257,-24.453714355854768,0.33993787588759833,-10.395558620025179
24.2356_79.8269,24.2356,79.8269,61,158.42651408282168,120.8341314246193,97.02527786572851,0.12409662210078183,-38.49178736847568
24.2375_81.0350,24.2375,81.035,61,150.29881775332638,118.22242515252141,80.77347030498932,0.43490042360287706,0.1654453898839442
24.2486_79.2872,24.2486,79.2872,63,226.94206277628453,176.62182896319305,106.54368227922643,0.02945914019058311,-0.658261543347336
24.2647_80.1653,24.2647,80.1653,62,149.45125106644312,112.49875398832697,86.28994003316556,0.17657812744246715,-16.016030128669783
24.2667_75.0539,24.2667,75.0539,63,153.89535812515956,124.55051622482944,-47.96593918144869,0.34756874368453755,-4.633199593556378
24.2750_81.9019,24.275,81.9019,64,123.94316999241131,94.70889832230743,12.28866557553016,0.18200569516691414,-19.74160126888299
24.2764_78.5494,24.2764,78.5494,63,158.53759125078673,128.31299527603468,75.8847570598732,0.09585863350617882,-23.189924481808156
24.2781_74.9911,24.2781,74.9911,63,162.86561256495003,130.94604159365971,-54.0210684237232,0.24856254338944375,-10.78766439239968
24.2886_81.7875,24.2886,81.7875,63,140.18429608016345,104.20226832319794,74.84880555403741,0.23704657494068795,-3.511792008920853
24.3197_79.1194,24.3197,79.1194,64,151.74385182435984,111.83248671838436,72.73768843819617,0.06493506142554507,-4.098244858814121
24.3297_77.1033,24.3297,77.1033,65,106.80060119904367,82.21250240846778,23.27414581065653,0.4445423767990626,-2.1486363787237743
24.3311_81.3792,24.3311,81.3792,65,120.16214822301043,97.58641290708837,-5.755275526543784,0.33814323953344205,0.14976656610465622
24.3333_75.6547,24.3333,75.6547,65,155.04782901408777,125.79019092412783,-32.59501480197055,0.46586379283148033,-8.882242073518235
24.3417_77.9692,24.3417,77.9692,63,146.7907490245479,115.02705467263729,65.10909132170995,0.08459107094251149,-35.434221159554575
24.3503_80.6158,24.3503,80.6158,64,133.3556112168867,100.49555946398644,67.15693307366091,0.38918898197745055,-8.692454545276775
24.3528_81.0389,24.3528,81.0389,65,125.5792101273702,96.71594608207435,48.912638229570575,0.3256974144325915,-3.6725851866599344
24.3617_80.7811,24.3617,80.7811,64,123.40711946483052,94.59187781956047,58.85048086140306,0.3927137719818758,-3.9778540355086927
24.3656_79.2106,24.3656,79.2106,64,133.47904864593477,104.82533129627575,68.06211689195847,0.1957213949843912,-4.698725215022579
24.3722_75.3572,24.3722,75.3572,59,134.89366650537264,107.98041528143989,-43.54109047996802,0.3794438650919289,-4.568700710459413
24.3833_82.2597,24.3833,82.2597,64,118.06509251487002,99.70723398892883,-49.00869915676343,0.41859477088512786,0.12548560786667262
24.3883_80.9167,24.3883,80.9167,63,120.00377865865465,92.41006385568562,38.12589503840045,0.406664778871247,-3.91810856967329
24.3917_80.5472,24.3917,80.5472,64,134.82314782229864,101.31680491304094,67.95954001766361,0.329969332888548,-7.947790802479979
24.4028_81.8875,24.4028,81.8875,61,102.24547286221181,77.32777058520365,25.38826023536714,0.4913399891051828,-2.3073695674685704
24.4031_78.1094,24.4031,78.1094,65,133.04976693504545,104.11260104431764,62.6314965475334,0.20984682578447808,-8.541582198035492
24.4194_82.0375,24.4194,82.0375,64,94.82857416934498,68.13097413616248,-8.775567564133606,0.4585693202364841,-0.23987223023538706
24.4214_80.0339,24.4214,80.0339,63,148.71633945631788,114.20345917449426,79.3540679515775,0.06136891098721389,-12.22988646607554
24.4250_81.6733,24.425,81.6733,64,123.96708569691536,95.68286917480046,60.685202644116465,0.33748577153189513,-4.5605120737936655
24.4314_75.6847,24.4314,75.6847,64,154.55653912520143,121.8202633937417,-43.74581262987649,0.389905693238218,-7.741967043012659
24.4439_81.1181,24.4439,81.1181,65,131.70325192182563,97.93286779568643,61.914416353583704,0.2946559436948261,-11.440395135832699
24.4467_82.1708,24.4467,82.1708,63,103.33518688144088,74.94755184356895,-0.10850916288865255,0.46776734997903746,0.34679224211644
24.4536_74.8739,24.4536,74.8739,64,158.878238658656,124.0295480029128,-65.89985260790112,0.10535340694539996,-12.644532530748883
24.4619_75.4411,24.4619,75.4411,65,166.5197030165242,126.82392432084495,-75.23024432235444,0.2541151496861389,-4.712140171889296
24.4622_74.9322,24.4622,74.9322,65,158.25382357394474,125.89703897279043,-68.64311165357415,0.17013241856528658,-4.867496679442613
24.4628_80.2514,24.4628,80.2514,59,115.97997580515253,95.86871057221366,44.42573931350348,0.3167509129109235,-0.5681395852917905
24.4717_80.7592,24.4717,80.7592,63,113.7287288192531,87.78798353727392,51.82227309019908,0.5199554169306285,-4.178312413886435
24.4742_75.6881,24.4742,75.6881,62,154.99823037482832,120.29590875119885,-47.015064528631086,0.2540116486951013,-5.693622654783929
24.4775_79.2750,24.4775,79.275,64,142.43127445506406,108.5463776391756,77.34089683140859,0.14660399401087276,-24.146537723552207
24.4800_75.2233,24.48,75.2233,64,180.50530428033196,140.69940416095272,-65.74402214059432,0.18502763174241804,-0.526573739948488
24.4814_79.7231,24.4814,79.7231,57,159.24194024733035,124.98339440668019,87.76071302393572,0.1310562429956543,-1.1436235328016124
24.4867_75.4642,24.4867,75.4642,63,140.59539647876926,111.66100509638234,-55.78487227190207,0.46353450187902445,-2.0761766480786568
24.4986_80.5042,24.4986,80.5042,59,125.2068048424361,99.10714523833907,50.119155282581225,0.3065180051064326,-4.270292870415953
24.5117_75.7494,24.5117,75.7494,56,168.67336223960214,127.21586557866381,-73.0595759458935,0.13993930177219563,-11.608690450603167
24.5219_81.3897,24.5219,81.3897,58,105.50211929814809,81.10733762182937,28.239422814015825,0.42419972053353755,-2.06159554585816
24.5403_80.6544,24.5403,80.6544,61,126.00327457043649,95.9664432773257,67.18413292665,0.3558451404229784,-3.6593425339101
24.5453_80.1733,24.5453,80.1733,64,171.7985541774169,128.4755128415344,99.74496539376409,0.07294005960594196,-1.8008236873977785
24.5469_79.2528,24.5469,79.2528,65,119.58271345302437,92.90557288917631,53.550394546531756,0.3071472404336067,-3.8526530080287227
24.5528_81.7700,24.5528,81.77,63,134.08464945716938,110.32832986510782,13.379891010314244,0.39956155118406755,0.38175973541134045
24.5617_82.2392,24.5617,82.2392,63,193.92073014811672,159.3825524497757,-67.17865414288849,0.3032688273474404,0.20820856856633507
24.5622_79.5328,24.5622,79.5328,63,139.66380043099855,104.24920447218732,68.0530209609406,0.12279859706760064,-3.035042901435814
24.5681_80.8319,24.5681,80.8319,65,143.8018098299529,114.08297988298072,67.50580030760908,0.0954280367909918,-1.7725089163541385
24.5717_80.5778,24.5717,80.5778,64,122.13861502502203,92.66979558041645,59.190379286209755,0.30407035200920085,-6.9643873398793
24.5783_81.4367,24.5783,81.4367,65,105.0240740002119,81.25394668282985,29.224376059602108,0.42450619616264473,-4.824275255127257
24.5881_79.6097,24.5881,79.6097,64,154.737994404633,121.74602794128117,78.88683750674474,0.0010272583970601383,-9.591316280139273
24.5942_74.8622,24.5942,74.8622,59,161.47522405897882,127.00281816708417,-78.60194534356518,0.12137048206576774,-9.030334971471625
24.5992_75.6892,24.5992,75.6892,61,151.2962022910816,111.99090220875661,-54.550177009948484,0.3114699643731932,-3.595617080989734
24.6222_75.0000,24.6222,75.0,64,155.79879216938374,123.67801013463101,-65.88705947862735,0.13659272553364998,-17.515029405766416
24.6236_80.3456,24.6236,80.3456,63,149.58365141662927,112.4374074094038,82.54842008581676,0.1430568744311963,-3.812385688990484
24.6503_79.4981,24.6503,79.4981,63,140.91014182370571,107.25047343586232,81.76307984377048,0.20094518796565092,-3.4359548840310135
24.6750_84.4542,24.675,84.4542,61,186.9818114585691,152.44541305504333,-51.45353465758922,0.2906204315215822,0.2007175591869117
24.6917_83.0667,24.6917,83.0667,55,83.40381179628932,66.27134080316071,-8.352022317172375,0.2630666617865523,-2.4280629097388795
24.6925_79.3689,24.6925,79.3689,64,135.99264240970422,102.08309876856704,70.25490243074793,0.1928894349201067,-3.232682341923792
24.7000_84.9917,24.7,84.9917,60,110.28934114381347,83.67575889265466,-16.85110578410162,0.5991158277062701,0.5890695394812433
24.7017_80.5819,24.7017,80.5819,64,129.40999085914544,102.3682062001821,65.99791733045856,0.2855364067149017,-1.3517814162729236
24.7056_80.1806,24.7056,80.1806,63,89.61901244967532,73.10938830786671,21.129673294961098,0.5164151905908393,-0.04712990336195366
24.7089_81.9925,24.7089,81.9925,64,133.73364297115245,103.45789579978629,41.281660394946414,0.4912736822958337,0.43764021935716524
24.7117_78.1358,24.7117,78.1358,62,129.58497367145685,101.12424628081008,11.488823798386203,0.056284485453520564,-1.0098482033950198
24.7439_78.8381,24.7439,78.8381,64,111.16862602848254,87.6312365996311,41.65407223793903,0.2543722722948556,-3.0718656171851224
24.7472_80.7767,24.7472,80.7767,64,116.72979694574794,88.16544017065941,45.121339970572414,0.3877556643152641,-6.079345785913826
24.7500_79.9589,24.75,79.9589,65,116.9040106653568,89.10337266569084,52.32953941356237,0.31160724715790744,-4.103743775937045
24.7500_81.8861,24.75,81.8861,65,109.98125606363946,93.32681044234727,-28.22905789679759,0.47572203017012904,0.4062310558580492
24.7561_79.0500,24.7561,79.05,64,125.72005382141677,97.23426606029435,47.857478546057905,0.1369042224264327,-2.4044074670331956
24.7578_82.7806,24.7578,82.7806,57,76.87894277489899,60.95901639327117,-19.377096864623635,0.4659059776859042,-1.5477909359784867
24.7625_77.8583,24.7625,77.8583,62,108.29337124633473,88.21879729986343,19.301968854648223,0.18148835419293383,-4.12733417913615
24.7706_77.1675,24.7706,77.1675,63,135.39581410020833,112.32520663759807,-32.91696177088081,0.23635980976079526,0.09175611798507455
24.7769_82.0833,24.7769,82.0833,64,101.04593404574834,77.92625123505098,21.324959820823725,0.42277169990099683,-1.245994457603477
24.7919_79.7953,24.7919,79.7953,62,122.54221927118198,94.06225589030814,70.7549208833521,0.3607446100489277,-2.6069420874762894
24.7961_81.1519,24.7961,81.1519,61,142.69075623459324,107.05166358582254,56.37959285789659,0.0783976729094952,-1.9426240152086418
24.7975_80.9697,24.7975,80.9697,61,194.6817223996792,159.20540170716737,95.07802690550913,0.1279052101258513,-0.3282974626487898
24.7978_79.4772,24.7978,79.4772,63,115.59921222281841,88.67247757204977,46.88342982598522,0.3115053640612614,-1.8525873287247565
24.8106_75.1089,24.8106,75.1089,63,166.19548293786795,130.3686934232348,-76.14295442372693,0.1972113264707092,-9.17648195694703
24.8125_85.5667,24.8125,85.5667,58,192.1834281992885,132.40868362424652,22.971600684306935,0.2983611765896939,0.2865371146860801
24.8267_82.3233,24.8267,82.3233,58,104.4473324464018,83.45271994559455,-18.526268503953816,0.22813866993815923,-2.227722503273936
24.8292_85.6708,24.8292,85.6708,60,226.31227659105969,174.06483268765433,43.968645610256395,0.424275974426805,0.3642172819747099
24.8333_82.9333,24.8333,82.9333,56,82.38947586959746,65.20976927570246,6.131305870643206,0.3226644243868532,-7.355149590768722
24.8364_78.9972,24.8364,78.9972,65,134.3365711440928,100.24887768101465,46.8572357150565,0.0790054953751632,-1.7566816974060426
24.8417_80.2669,24.8417,80.2669,65,121.2516084085942,90.23150827661493,52.24763642094609,0.47036535104683724,-34.546722038684436
24.8494_80.0950,24.8494,80.095,65,132.7419910178202,101.66798053599626,57.52746224745726,0.1469404910657284,-4.690446485653624
24.8650_77.1900,24.865,77.19,59,137.90024846355615,113.0745323864563,-39.40724639170179,0.007088930198142585,-8.26294990516804
24.8681_79.7200,24.8681,79.72,63,138.25292800843164,104.3205150381168,83.48572973484528,0.26486755804715245,-8.514882948503397
24.8792_87.1333,24.8792,87.1333,57,180.07517351809193,120.5733362598049,89.2947513666744,0.30250637376171474,0.07472994124420596
24.8833_82.7917,24.8833,82.7917,59,106.5927281258875,81.94014929375405,-25.88411592200651,0.3740829420159413,-4.8522975977612015
24.8833_87.0208,24.8833,87.0208,59,145.11087236105297,114.6988899012394,-34.47522448863501,0.30989156120680256,0.2659470074324205
24.9072_75.2111,24.9072,75.2111,59,187.2354916295434,134.97330356061016,-97.39412202451142,0.07421373970200482,-5.799957597454614
24.9106_80.8133,24.9106,80.8133,63,115.20759434830225,92.20571397993298,25.03372892410038,0.4041025543288806,0.30887618288634533
24.9267_86.1569,24.9267,86.1569,59,99.53428023464319,78.88055031005175,-19.36779956459712,0.29269843077632884,-2.467574421356043
24.9272_83.0444,24.9272,83.0444,59,122.117534200923,93.68076319878837,-34.35889203907986,0.29803374283315864,-13.306825733263796
24.9639_88.2056,24.9639,88.2056,48,260.92732957979524,214.90458204906147,-68.7395294146474,0.0013862367155791937,-0.5025808419941631
24.9678_75.2881,24.9678,75.2881,60,196.10150499592734,151.06733232170686,-103.03533044134527,0.052217481710547825,-9.766162992993417
24.9903_80.2675,24.9903,80.2675,60,112.81186337121366,85.52185539997254,49.39205447740814,0.2821072672086616,-3.8833345249448827
24.9964_79.6514,24.9964,79.6514,61,147.1609413001322,111.68790849037855,89.34767128480901,0.12993989696146005,-4.093388721446459
25.0000_81.9292,25.0,81.9292,63,99.47557016783226,76.93764051926176,20.128389970347158,0.25048935190429056,-8.53967044040155
25.0167_82.0625,25.0167,82.0625,64,93.42764307496134,72.56693154006271,6.795090891852674,0.19177512971997004,-2.8741264754839104
25.0175_80.6861,25.0175,80.6861,59,332.6725417012343,284.9657270998325,-99.20094767484359,0.49446665980296317,0.269334155367127
25.0208_79.7256,25.0208,79.7256,64,128.73431660802083,97.99080458645543,75.32886206304036,0.30593448433773357,-1.885677852254934
25.0208_82.3639,25.0208,82.3639,61,297.9918044654065,229.66912302049906,-34.22299771182721,0.23729990099610884,0.20160069937195602
25.0208_83.0403,25.0208,83.0403,59,173.7401996698102,139.4566181639363,-70.53874438573298,0.38502357256555847,0.2624962511868991
25.0236_79.2375,25.0236,79.2375,64,117.81100071450378,90.19545870209734,46.672655007491514,0.1586183332916521,-1.0945581630913588
25.0264_86.6308,25.0264,86.6308,55,188.73187152275963,150.6000010140015,-54.05100568899763,0.1550812309292728,0.044891533324635025
25.0367_81.8122,25.0367,81.8122,63,144.1098867353215,114.58015976843843,-15.18254661947064,0.41658705486462844,0.40932470063539916
25.0417_83.2217,25.0417,83.2217,62,189.61177227228717,157.40900659355898,-40.85130804923973,0.48184395509079764,0.42457342981557034
25.0458_82.1000,25.0458,82.1,64,83.12472527302698,65.27852347873939,0.7316536931964244,0.36625257484429385,-1.507725522613796
25.0500_87.3667,25.05,87.3667,58,115.19616354232383,97.08275248360358,-43.15488840122632,0.19802588076870234,-10.805034251896606
25.0542_79.4500,25.0542,79.45,65,111.65550678957604,84.57716913892821,58.18110914951308,0.33936924126271073,-2.9614166110678752
25.0667_80.8167,25.0667,80.8167,62,120.84356477509779,92.36678634915346,-46.01873526532759,0.4230921787034741,0.27567256614102387
25.0667_81.1000,25.0667,81.1,61,122.6543472192426,98.6910037302927,-41.14205823107334,0.5382236737356472,0.4796791177970121
25.0667_82.4900,25.0667,82.49,58,316.20188712553147,269.35093615144876,-93.76277208456307,0.4430989284727343,0.2488594205401946
25.0672_80.1944,25.0672,80.1944,62,127.40469836947153,98.4252634491656,72.4688224877366,0.18987988053311827,-3.9533889236028132
25.0775_79.3333,25.0775,79.3333,65,119.78114086665619,93.8896313665279,55.76188274973373,0.07319209981259688,-6.9255852307074095
25.1000_85.5500,25.1,85.55,60,184.2146295081396,149.39613629424952,-102.31448267377401,0.051768971153836676,-1.8723155494057337
25.1000_86.4958,25.1,86.4958,60,111.89351042120269,89.31183874558126,-46.2978009446373,0.4256267035146577,-12.245912534827832
25.1003_77.9303,25.1003,77.9303,65,152.11920179249213,117.00313543019858,-55.08512726531808,0.08632133546566176,-0.7261590696171603
25.1136_81.3019,25.1136,81.3019,57,381.9648699772437,324.2704060877631,-61.58440247509783,0.37606434190662913,0.22879591252039
25.1150_78.7917,25.115,78.7917,64,104.18955306136161,79.85138659850324,23.223641812419082,0.10414487137978122,-3.015779334619313
25.1167_81.6750,25.1167,81.675,62,142.77417542013484,114.21296272959158,12.34270919930574,0.20939414455848515,0.15396958435098296
25.1333_82.6000,25.1333,82.6,59,453.7409269816664,381.6964108963655,147.44480124996255,0.20543298435237167,0.060070288455359666
25.1350_80.3933,25.135,80.3933,61,162.0674441544036,133.87419232107092,102.6355225475034,0.03267158421134519,-3.304664928334435
25.1417_82.1000,25.1417,82.1,64,185.36261358329267,147.00387642529114,-40.969104670090836,0.13545849158773623,0.03887366373975365
25.1583_82.4833,25.1583,82.4833,58,302.320760603487,243.4016833519535,-18.84055894787192,0.33638965753944267,0.2552977313842275
25.1750_86.8125,25.175,86.8125,54,180.7296254917703,153.28970401642167,3.089689865692731,0.4779296699616277,0.4367791233715733
25.1792_78.1908,25.1792,78.1908,63,107.38649714715605,89.45520616728513,-27.510474466503663,0.1078985015554774,-4.03659091861869
25.1822_78.1119,25.1822,78.1119,62,127.8471290723297,104.1001142786241,-35.64568522413741,0.03530370082667288,-2.037726337327948
25.1861_80.2872,25.1861,80.2872,63,116.67288789008194,85.79726856716174,62.886001646262066,0.23258364622721758,-5.60170686211708
25.1908_88.2353,25.1908,88.2353,47,274.10813960378454,213.4759942958545,-20.194703531500277,0.1620325192003017,0.13007094017023046
25.1931_82.8417,25.1931,82.8417,61,305.57957138132633,234.8538433290266,-71.03606290945265,0.09187027017997572,0.039963409797081684
25.2083_80.9250,25.2083,80.925,60,211.13387387051338,172.90944809981698,39.52623507840713,0.20153641553971607,0.1680585197301967
25.2083_84.7667,25.2083,84.7667,58,146.56771963709684,115.33303746344721,-61.89190553073739,0.32963250010217265,0.04564149150311081
25.2083_85.5125,25.2083,85.5125,60,149.35155575857422,114.38577228082018,-23.709740602018748,0.20090267322341046,-0.027611369844187106
25.2083_87.1750,25.2083,87.175,58,237.57813941819364,199.92844455249775,-90.25013558563447,0.05597103444364033,-0.20910453186489653
25.2125_86.0333,25.2125,86.0333,59,292.73297428551916,214.88100392215472,-90.45211195618948,0.16694235697756293,0.07897464656496778
25.2250_81.0403,25.225,81.0403,60,322.1711898681008,262.9718016946222,70.89669243645227,0.14606608966540832,0.10151726087113833
25.2292_86.9792,25.2292,86.9792,55,604.1995281859217,530.0567783274829,395.70614662957627,0.4844397207959926,-0.2784967521497721
25.2318_81.3534,25.2318,81.3534,63,231.25143761143312,171.87044599472526,97.87639771512268,0.11074813472634733,-0.12983158548266127
25.2333_87.6389,25.2333,87.6389,55,134.83432812785898,111.63493797004996,-63.10831775219409,0.10229379238853482,-9.79098776895624
25.2417_80.6500,25.2417,80.65,61,496.54030376556847,381.6993538502803,-316.95198323837826,0.3761547642391564,-0.24428714829289566
25.2468_81.2711,25.2468,81.2711,62,314.0452907244687,234.72852935604394,138.0259502549219,0.22989784668390484,0.02881805610402599
25.2500_81.7167,25.25,81.7167,62,98.92246441122388,74.10005229503257,9.181170411685715,0.4044327546226564,0.33888482364940364
25.2500_88.1861,25.25,88.1861,48,231.19434225478446,190.04842990918428,-30.844484480319334,0.1564932870540127,0.002356359180469614
25.2547_78.6733,25.2547,78.6733,60,85.55995508470473,67.89394467830577,9.307765343314024,0.2670107960747108,-0.5240392779513161
25.2600_80.9217,25.26,80.9217,58,661.6315750059401,576.4162644761761,100.33214350331517,0.055644207564137085,0.02699979621927784
25.2625_88.3097,25.2625,88.3097,48,177.46666246947737,146.8612450674825,-76.36810944553844,0.165256835902505,-3.6129124458736213
25.2683_80.1944,25.2683,80.1944,59,380.59454353429675,319.9437891982306,34.155610857511995,0.1866992606661983,0.1529320980325818
25.2694_81.3750,25.2694,81.375,60,412.1086068331397,318.82100880315204,227.20067754150494,0.053419970534535545,-0.3690188293939949
25.2703_79.5778,25.2703,79.5778,57,188.2116945923876,155.9976636883182,21.4356076212753,0.21079388465615373,0.19809880490918208
25.2769_80.5567,25.2769,80.5567,62,202.18267438548224,162.27019751210207,62.417201318372015,0.19203561163913618,0.10485906768210884
25.2833_86.4169,25.2833,86.4169,56,244.5483423042653,205.98186002707385,-120.02534869664831,0.143246465373787,-0.17974662535352048
25.2972_82.3125,25.2972,82.3125,60,332.8501727616905,255.62914582674858,-105.006133843399,0.3429759889719673,0.1734438741419818
25.3000_82.9500,25.3,82.95,63,259.21360910034844,202.19937918493963,-103.29658666985905,0.2829480642598754,0.13846065226125237
25.3167_79.6500,25.3167,79.65,61,243.61228721972236,211.89767712335916,47.60612403250938,0.06399001309441683,-0.021560917231971954
25.3208_86.4917,25.3208,86.4917,60,220.24215504892004,179.66282045279442,39.36736682776486,0.42158539471050266,0.36910890908318494
25.3403_82.2750,25.3403,82.275,61,248.37062856935728,218.1650436459713,-171.60262172623737,0.08934144967342661,-0.9086641262604942
25.3417_84.8625,25.3417,84.8625,58,164.4342866346155,134.22778239721487,-78.53420690591328,0.19173595771786106,-1.0638270238052905
25.3700_83.3767,25.37,83.3767,61,266.7146705936671,228.37289727787035,-57.7237616147108,0.23337143324540455,0.17416684549564732
25.3753_85.5286,25.3753,85.5286,55,202.01244512366014,170.08556858568355,-67.84654863569918,0.022019287478180934,-0.5162577924368259
25.3792_82.4250,25.3792,82.425,63,333.8992173166798,260.7916090429389,-56.48504004311558,0.3015529550840539,0.17726391806127895
25.3917_83.5667,25.3917,83.5667,63,371.2299988122697,283.62902396149013,-175.84317138317624,0.05766241271344657,-0.22435425575486923
25.3950_83.0750,25.395,83.075,62,462.9640351568903,302.85616397796446,-189.6773062358539,0.2692893236687079,0.024570376381700343
25.4000_79.7500,25.4,79.75,62,169.13106439747642,142.44418768780147,-33.495117360189596,0.37457659911447516,0.34147343095138294
25.4100_86.2464,25.41,86.2464,57,298.1106377056907,242.43471765861952,-127.16320127947526,0.10833612571672616,-0.12623153663633602
25.4181_77.7603,25.4181,77.7603,62,167.1557602205514,133.28305431894773,-70.66804620981445,0.0004976017953671953,-11.579925491254764
25.4225_78.0511,25.4225,78.0511,65,162.62058534635887,133.33254067519297,-74.24467145428135,0.001100431703443369,-3.356891017435087
25.4228_86.4097,25.4228,86.4097,57,311.113887286643,257.30864367450226,-142.08860746286385,0.12792209129705115,-0.11124952175612313
25.4292_86.6417,25.4292,86.6417,59,288.5649291089597,245.40412544286306,-141.41535132031342,0.11915790910462119,-0.1999083306164322
25.4375_87.2417,25.4375,87.2417,60,255.07206805346712,208.27857090237202,-95.93139261269562,0.15670475558949545,-0.0012141991543557218
25.4500_83.0867,25.45,83.0867,63,313.79656062831714,247.69590938213446,43.63498114430582,0.2628668421337085,0.20397671024627573
25.4500_83.6600,25.45,83.66,62,176.26904228251354,147.9272524074988,-65.56584684923025,0.18958903576497999,0.00936168707624263
25.4533_83.3417,25.4533,83.3417,60,150.5990509400489,124.64240070096524,-44.90135074172094,0.19014138955404342,0.04535398917755862
25.4539_78.1364,25.4539,78.1364,63,147.39696862922227,122.51315308976504,-51.4468799148902,9.231139660063938e-05,-4.928532600713702
25.4583_82.7361,25.4583,82.7361,60,206.4690769251598,167.83372926647561,-69.60219910470144,0.18524382067370213,0.07673982356744369
25.4694_83.8361,25.4694,83.8361,63,389.36507318625047,291.5418836962245,-135.6959748986267,0.1085473384637894,-0.01519829639639747
25.4725_78.3511,25.4725,78.3511,63,129.23370521597334,107.47538908780426,-63.60674220570467,0.024342200708957304,-3.3991368418555377
25.4750_81.6800,25.475,81.68,57,194.13544352518545,160.64528090782906,81.76362282257087,0.11298310377125828,-0.10472210514769476
25.4806_83.5750,25.4806,83.575,62,155.8631197703485,130.6308883359355,-35.87667831913119,0.34610578566807215,0.30937450340592065
25.4833_80.3208,25.4833,80.3208,61,398.64899232736326,301.3661395451952,110.40838140935726,0.03711691134417373,-0.3363990442254776
25.4856_77.5097,25.4856,77.5097,59,247.76486807482664,197.76004374738412,-155.15778991217965,2.949579395043857e-05,-10.529070205846322
25.4917_86.4750,25.4917,86.475,59,296.2268182207543,238.4299827961934,-96.11504395549915,0.16573106810789331,0.06258191093302767
25.5000_86.4250,25.5,86.425,53,234.99837450395796,192.58510444870367,-63.463744626202036,0.19707571965647064,0.1254541831036473
25.5083_84.6250,25.5083,84.625,59,206.98128004571444,170.16086854392802,-91.66730393682394,0.2772576438082745,0.09188231321183438
25.5222_77.1314,25.5222,77.1314,64,280.4243196196365,221.70685180438002,-162.52248086901312,4.653945873271199e-05,-7.56955042659046
25.5286_77.1992,25.5286,77.1992,61,282.2636197754546,225.91097313365512,-169.2597765007962,0.0070802901857850275,-13.079851460661645
25.5344_76.9450,25.5344,76.945,65,316.2228776876878,256.8570054384953,-176.0950883097176,0.0009243070393596441,-3.376747883901925
25.5414_77.3650,25.5414,77.365,64,246.91276698482858,204.12358868695554,-136.44121917112798,0.027442677947987288,-3.6172644370707863
25.5444_77.7311,25.5444,77.7311,64,360.13919246531384,295.3053784037309,-196.77479634081087,0.019742491615060566,-1.3977870595510327
25.5528_82.3200,25.5528,82.32,58,186.02369242801743,162.6252049722241,-29.78361375586586,0.28885449435291943,0.2414494639324848
25.5625_84.6042,25.5625,84.6042,60,191.44686343848468,154.19218907789264,-99.74650119548855,0.13690384574750084,-0.49542091886731066
25.5625_86.1458,25.5625,86.1458,60,244.08674097521487,195.51815720304103,-69.2904215091864,0.19065467090311825,0.0910287956927941
25.5833_81.9736,25.5833,81.9736,62,221.52291690242828,187.05031887402689,77.29817205744352,0.12023706888180109,-0.003026522073754867
25.5889_82.2583,25.5889,82.2583,59,260.37212689807967,226.1838851973409,-149.9368618140597,0.13877622872279016,-0.2885348281171076
25.6042_85.5167,25.6042,85.5167,52,311.0753763406033,250.7881555076396,-161.05335786111556,0.19274508420725034,-0.11047628694525669
25.6111_82.0972,25.6111,82.0972,63,173.01182472272902,139.18275839869204,-44.17214591382862,0.3288252977627924,0.25612762126196587
25.6125_87.4042,25.6125,87.4042,56,173.11862920517498,142.95694509923905,-85.57306854948963,0.15880093974071294,-0.854312567938454
25.6375_84.8875,25.6375,84.8875,60,215.0247129116914,183.09149845105898,-99.27507467185146,0.16752422639439501,-0.17620957479337473
25.6453_78.4594,25.6453,78.4594,65,199.36846600166328,166.14529919034254,-107.79887465629902,7.686508859090319e-05,-1.2339681919131715
25.6708_85.7875,25.6708,85.7875,58,193.78690940428933,152.68519925174297,-36.397434826256024,0.2946791734009345,0.24140129269776556
25.6750_81.6333,25.675,81.6333,60,172.08461148548443,140.16447370331673,9.559945737356946,0.5638134636260996,0.4244482499209572
25.6750_83.2417,25.675,83.2417,62,214.92436564713987,185.89952211218684,35.88490734738888,0.2609021379160127,0.2283526663585157
25.6764_83.1028,25.6764,83.1028,64,179.9211432191887,141.143781078082,5.431020528596257,0.21927926528522473,0.21854856740850048
25.6961_77.9325,25.6961,77.9325,64,214.4007191269156,178.66116649775213,-125.61521521336971,0.011547097951664989,-27.67910559984769
25.7042_85.2292,25.7042,85.2292,56,270.4275320977396,203.4836129354639,-113.57909177106448,0.17217845631074663,-0.0320831635782417
25.7083_81.4000,25.7083,81.4,59,171.9602470552697,137.3921800623102,-57.85479836521797,0.34538128878152924,0.2511601353793431
25.7150_81.5217,25.715,81.5217,60,208.78851955278148,164.1730932202415,100.74732253988415,0.3036554056132397,0.07563626862431505
25.7328_78.7431,25.7328,78.7431,61,111.10437010222535,91.35578905972969,-54.92858095999205,0.2056041147231417,-0.36019192441975467
25.7333_84.5167,25.7333,84.5167,63,266.6492225775699,209.28418851599923,-127.25484937391889,0.15624059913033939,-0.11402994314159898
25.7417_84.9625,25.7417,84.9625,61,300.296491165754,232.88675976278927,-141.19002796371535,0.16418155349342753,-0.08862728239592554
25.7444_84.0103,25.7444,84.0103,64,164.71148513317667,132.39660923701842,-54.17718761891368,0.13918390764438637,-0.13385563130065603
25.7500_84.6000,25.75,84.6,56,259.4143665618157,191.03565630378037,-88.57717635350978,0.13241515954425284,-0.004762775183859258
25.7528_84.1056,25.7528,84.1056,65,314.89605283411385,224.01600643488126,-130.6472726718818,0.08606483731764271,-0.12181494131456283
25.7542_83.4708,25.7542,83.4708,63,186.981740551413,159.25671220774072,-48.18209128336906,0.1780908422237714,0.10090064203109594
25.7583_81.5933,25.7583,81.5933,58,118.28066507908257,94.94127660654141,-5.819227057961965,0.4519358263226614,0.4351448163760355
25.7583_82.9917,25.7583,82.9917,63,120.41682949326231,98.92200189909939,-13.468567719987679,0.2820801721397237,0.2515490694872258
25.7611_79.9300,25.7611,79.93,59,539.3186274199508,443.9924103355676,364.0344869461435,0.002146766702583547,-0.8888995632899768
25.7617_77.9289,25.7617,77.9289,63,215.40380987834214,179.39888748515253,-120.64589415568219,0.008269929410790983,-24.872955754932786
25.7625_85.0875,25.7625,85.0875,60,328.27855477441676,268.73550220787945,-175.75458561114863,0.13606186392139485,-0.24785716157318305
25.7750_87.5125,25.775,87.5125,60,341.2699367016227,283.42390782143025,-242.3840938908457,0.07529737428798097,-8.456845632711957
25.7783_78.5006,25.7783,78.5006,61,126.10532328155244,109.87508353253187,-58.80286505651524,0.019564706596156417,-12.736108730990617
25.7847_83.0722,25.7847,83.0722,60,247.19023594425494,202.7670289197156,24.911934521901326,0.13052030434490186,0.12156518567910923
25.7922_81.8789,25.7922,81.8789,62,221.88344703562106,184.29576271148312,102.00731438005934,0.24793757612226855,0.026179922160340374
25.8125_84.1681,25.8125,84.1681,63,218.99209887877473,178.16005132250928,-110.59540254933722,0.174003177005587,-0.18026728118535296
25.8139_81.7653,25.8139,81.7653,55,183.78288745331264,147.54678972501915,61.620538817458254,0.21108022053127024,0.10765039937732068
25.8250_84.2139,25.825,84.2139,62,233.1976188913482,183.80767528244863,-108.86592591591574,0.1123731106696612,-0.21501989665383237
25.8250_85.4208,25.825,85.4208,60,207.48103441089688,167.26367956918526,-106.58930132133409,0.24835430374442855,-0.18186673295224032
25.8258_84.7278,25.8258,84.7278,51,216.06810041033492,164.87993129168484,-52.43667203587507,0.29960014547460545,0.2554223622385172
25.8333_84.0333,25.8333,84.0333,65,197.3474351216977,163.5986507780513,-74.33249501395092,0.14822804191830652,-0.048153189909007965
25.8522_81.4958,25.8522,81.4958,60,88.73836375570383,71.36942276245037,4.937989937740596,0.4470367335681059,0.4428713467832056
25.8750_86.6292,25.875,86.6292,54,179.02681920491833,142.57836900604477,-91.3549114245282,0.32118290805975114,-1.490158083674614
25.8833_81.9000,25.8833,81.9,58,253.87524677489853,208.44965866499126,45.21174320937526,0.2883971335169038,0.19515326234784192
25.8875_81.4486,25.8875,81.4486,55,118.78658028843148,97.4423301720542,7.868076577057038,0.19871267024907024,0.16090184928104223
25.8900_78.7956,25.89,78.7956,64,75.39086334945884,61.243911547941565,-21.786433428854544,0.3815186816507302,-0.47708561079151224
25.8944_82.8167,25.8944,82.8167,61,197.55151964097362,170.29251261918796,-50.134131529542884,0.29596684248703925,0.218752404837389
25.8972_77.7772,25.8972,77.7772,64,299.6552489132907,260.94634510736245,-152.53144304022635,0.04048722035975433,-5.227147058269524
25.9000_82.3167,25.9,82.3167,59,271.79673795385276,229.477954597782,-132.04116179996404,0.2579500458406807,-0.030283432235487018
25.9250_83.0500,25.925,83.05,62,187.7697169309679,152.27094845848694,-20.94852163535289,0.15223220137386717,0.1359461017371828
25.9250_85.5917,25.925,85.5917,61,214.21130035539815,167.8148037142572,-38.912325467954666,0.3093205206911728,0.26523999283780386
25.9292_86.8750,25.9292,86.875,60,163.77845372421098,128.23585653252786,-86.35839587246207,0.45725142717153305,-0.7927387985863596
25.9431_82.9875,25.9431,82.9875,59,232.12673583544552,192.10053375310454,25.940127090802065,0.2838187381135338,0.2361238315882288
25.9472_82.3917,25.9472,82.3917,60,225.12898281288955,189.14554790768943,-57.4282949609568,0.20257906868916953,0.1320570925780572
25.9514_84.0083,25.9514,84.0083,63,168.53378092242028,141.47988468921747,-73.2942951804699,0.14400751419139715,-0.25022002254742715
25.9519_77.9308,25.9519,77.9308,65,273.7119458918348,227.88753170828392,-165.45024138860305,0.005191772794215777,-14.27932956515979
25.9533_76.9914,25.9533,76.9914,62,442.75608889018355,357.9997083907002,-274.3407116120992,0.022002542161393537,-6.784143359087848
25.9747_77.8314,25.9747,77.8314,63,325.2627723595607,265.7543911157779,-202.86514571659,0.011879018259676832,-6.264464448837219
25.9961_78.8792,25.9961,78.8792,63,149.56952430188923,123.55010365664509,-92.30978729557941,0.0010918148504066483,-3.7051907327489175
26.0167_82.9319,26.0167,82.9319,61,204.29641578566304,169.4314804601529,29.33561856319649,0.23057344455049475,0.2045070303735399
26.0500_77.9333,26.05,77.9333,64,376.956763492579,314.00733137573184,-219.3102009818823,0.06655200957381473,-3.8429628507485987
26.0558_81.8006,26.0558,81.8006,60,273.02080394142575,217.33400640093618,165.54033553471166,0.011402946021372302,-0.6569600071282533
26.0567_77.3644,26.0567,77.3644,64,362.88849150373625,302.2322003852999,-211.01776555389722,0.008529935347445637,-18.051586759277452
26.0792_84.1333,26.0792,84.1333,54,188.1800112253122,159.26195219707427,-52.29891040565168,0.26846251004854177,0.20547013890673882
26.0958_87.9375,26.0958,87.9375,59,324.5342203201884,273.9138169416784,-213.166236059873,0.0942020266669484,-4.247124852294973
26.1000_82.1250,26.1,82.125,64,180.46034096375453,148.73463616717748,31.140723254887575,0.29106864943950184,0.23579773259560433
26.1083_81.0083,26.1083,81.0083,65,196.0561601037869,164.06849036895312,-11.169109309453217,0.23341419706977956,0.22323161955162407
26.1125_85.2958,26.1125,85.2958,61,180.61512778876178,150.43272049747563,-39.03395324501448,0.42171159374410777,0.38273731755341833
26.1167_83.5417,26.1167,83.5417,63,146.9169469421016,118.44275610305148,-50.50148263327234,0.19074657782801166,0.010219336718876204
26.1208_86.6125,26.1208,86.6125,56,286.89235732676144,234.69409739911518,-205.71315894476598,0.06992009870962539,-10.014294879974416
26.1233_83.8717,26.1233,83.8717,63,238.22743954619693,192.9329943090988,-114.88357707818005,0.11859113474717936,-0.18422876636656205
26.1361_83.0972,26.1361,83.0972,58,117.9617675078083,93.36056446878212,26.96639912143455,0.19890506792934462,0.0939929841176933
26.1375_87.4292,26.1375,87.4292,53,272.8501154394694,230.89985552315704,-185.49379307077933,0.22180205001465866,-4.428898869268505
26.1389_82.1250,26.1389,82.125,64,182.35379095869357,150.61397362258117,20.47665920368966,0.11465751946818775,0.1011237923954128
26.1433_82.0333,26.1433,82.0333,65,133.29142850693916,107.21072236167316,42.25200286028592,0.25924527879475373,0.1758724978006474
26.1500_81.3583,26.15,81.3583,63,258.16193862904385,192.6557900141726,-116.4057820523593,0.14598846599228266,-0.07487643418668344
26.1500_83.3000,26.15,83.3,64,176.01505911595964,143.52982485640018,-5.706902893534139,0.1969514062799351,0.19603354992133082
26.1514_81.1417,26.1514,81.1417,63,133.68875914526822,104.88626272296666,28.096932599965974,0.20331850578421196,0.14877352651432985
26.1569_86.7875,26.1569,86.7875,58,243.36155194533907,197.7328813498446,-170.04098196074384,0.2908161413757927,-4.485468533239665
26.1625_85.4500,26.1625,85.45,56,159.04948628359057,118.32049566650751,-40.794061826494456,0.5188451060179472,0.44902424474303815
26.1625_85.8958,26.1625,85.8958,57,288.32111499230297,244.37050492525586,-163.53720607228664,0.013072756645049238,-6.863410724770217
26.1667_82.3756,26.1667,82.3756,65,98.66354062008371,78.88127840772835,31.817351488291305,0.2706884927804845,0.14421597326996494
26.1675_81.9086,26.1675,81.9086,57,188.36083653087033,163.38210695369597,86.45422541861143,0.13732749381369522,-0.09294014320701582
26.1717_82.0519,26.1717,82.0519,62,192.52269756767106,160.02742913974234,50.42769000863518,0.18139642339929551,0.11742896664969016
26.1736_78.5428,26.1736,78.5428,63,496.37184577823416,388.8006952485461,-294.20294431145084,0.00010436604182216823,-0.8023659451539848
26.1739_81.7622,26.1739,81.7622,63,170.3898405392445,138.12470464019083,-24.74030758970893,0.29838916167997714,0.25774855138111696
26.1764_82.9042,26.1764,82.9042,59,203.94110590967492,150.8374331454099,-3.0025207396954836,0.10843023218496523,0.10768722463780556
26.1792_80.7042,26.1792,80.7042,59,176.98622097326853,150.37888621475736,94.60901155471798,0.1871736673647996,-0.14763075001420023
26.1861_78.9472,26.1861,78.9472,58,912.0695527196557,701.6171753048562,109.79056383053833,0.0078888379206073,-0.007623810288951871
26.2000_77.6392,26.2,77.6392,63,507.88575104744194,390.21147746313466,-321.96771546439885,0.32879898562400883,-7.278612003007979
26.2014_83.2297,26.2014,83.2297,64,185.4533172592165,157.25713651726645,-37.16877190421031,0.22235407180535122,0.18830003217358515
26.2064_77.3347,26.2064,77.3347,64,365.0809751813852,296.5169963290027,-205.38117058075198,0.0008035885494997058,-23.138667412047955
26.2100_83.9200,26.21,83.92,58,160.77233458755464,131.22045381095884,-49.78899148253794,0.04909386126388031,-0.275868211229122
26.2125_81.8125,26.2125,81.8125,63,156.03617411150918,119.75861743183563,-25.383900530811555,0.43521009402335864,0.35047667603218813
26.2361_80.3500,26.2361,80.35,62,149.02573557260666,117.90588073543125,42.044522802942986,0.0972902391998012,-0.03623845554003946
26.2417_81.4808,26.2417,81.4808,65,186.32054157235768,149.64220166042574,48.295815960634314,0.03855753912837099,-0.10646045811013716
26.2500_83.5125,26.25,83.5125,65,247.9609270991745,205.49339622568,-69.471678964777,0.09545062733663012,0.010880288006150818
26.2517_81.5350,26.2517,81.535,64,174.15152046683554,145.89112100794375,-59.39448376608515,0.3272163540977017,0.20974643173044227
26.2583_81.3528,26.2583,81.3528,64,176.108108353441,142.94719219988605,48.885558611737494,0.17627247886700473,0.10702562733869092
26.2644_81.8225,26.2644,81.8225,59,178.1891337083329,143.131561642277,5.019341527435993,0.2027887876196206,0.19576828310302574
26.2667_81.4333,26.2667,81.4333,64,142.22642126745674,119.94271208462305,51.22149544142496,0.18865625193863078,0.048615654860233226
26.2700_78.6667,26.27,78.6667,62,429.70302007364126,385.3591700859518,-233.53118691406115,0.0727650841771365,-0.3303966382238537
26.2708_81.2886,26.2708,81.2886,58,238.55502393331116,195.40807312658467,0.7429912753488488,0.13894386103093864,0.13548891106542005
26.2750_80.8083,26.275,80.8083,60,222.01902046567085,169.77605490283688,127.78791884062947,0.01610118637607709,-0.6509488433851638
26.2769_84.1467,26.2769,84.1467,56,194.18310710356477,150.11890553026905,-75.93157451299791,0.04264885229515345,-0.27798632357856956
26.2858_81.9694,26.2858,81.9694,64,182.87488882333065,149.0710408295434,55.27958988856766,0.1576329095174006,0.07290956812280902
26.2958_79.9125,26.2958,79.9125,60,674.173104112515,538.3547782271519,472.9230268934651,0.00031977338129614746,-1.0228540665286658
26.2992_77.6086,26.2992,77.6086,57,433.5257964274464,356.3718393357195,-256.2723683755826,0.17423605782327747,-8.966445526897024
26.3056_81.6583,26.3056,81.6583,56,194.40506282957608,162.04011718556436,69.46085851897206,0.0127739385089031,-0.5340541033836932
26.3083_81.2583,26.3083,81.2583,62,135.6903481664957,113.6638437505909,48.562807919868334,0.08945376204094964,-0.1969895129918675
26.3111_81.3733,26.3111,81.3733,62,196.27662133550274,162.05896418965324,42.610522096982955,0.18485609512657106,0.1426165209884781
26.3194_80.2389,26.3194,80.2389,63,141.26656155009977,113.59499120191202,-45.202750436744566,0.36661781078025296,0.2667174460091819
26.3292_81.5778,26.3292,81.5778,62,158.13118565394612,117.31237331180164,60.52718765171627,0.009499118079292346,-0.45711990577636286
26.3389_86.8583,26.3389,86.8583,56,301.80565007725886,246.25404193755926,-197.26688628290245,0.06377344470069587,-14.279370026224312
26.3458_81.4428,26.3458,81.4428,64,134.78717939671986,112.30422257872343,23.828821992226267,0.1442446800615036,0.07173110772010083
26.3556_80.8208,26.3556,80.8208,57,94.04340328813598,77.03349331241584,-6.536490110297562,0.282808049587203,0.235585019730424
26.3583_81.9750,26.3583,81.975,60,166.36538626203847,132.68393302245462,109.14252533190779,0.10974663264521525,-0.6405047438949021
26.3639_81.5875,26.3639,81.5875,62,222.21771624774445,185.08919256173286,87.90224597108006,0.049839194198245035,-0.1541598284273531
26.4000_81.6667,26.4,81.6667,63,178.0243731417141,143.56336865203937,65.72834250262021,0.07944624593976538,-0.10122443696350891
26.4053_77.6025,26.4053,77.6025,60,495.7252588750563,435.2106910655576,-265.27206619277644,0.0007592480917672591,-1.4112030605784414
26.4097_80.8444,26.4097,80.8444,52,161.5860303901411,128.93189683986097,95.98105338268917,0.00012013336371402706,-1.2694131618015971
26.4214_81.3606,26.4214,81.3606,63,125.34094602368745,96.56707569990054,7.009545037204568,0.12831917909654786,0.04472485097547296
26.4292_80.1667,26.4292,80.1667,63,160.36688993824237,135.0072348660089,8.037807874092607,0.319557202883458,0.28287918175673854
26.4292_85.5042,26.4292,85.5042,53,277.20372578649057,224.4320850522189,-141.41846920111027,0.004429025932524955,-2.217425413634766
26.4306_88.1500,26.4306,88.15,54,345.9284189531525,262.0326456792124,-134.6222389594479,0.1468516587188065,-0.510834528070846
26.4417_82.6736,26.4417,82.6736,65,192.97918933915903,156.69977121744407,38.18748169800772,0.1353160915579459,0.10007004795563679
26.4472_82.0167,26.4472,82.0167,63,165.27269066967304,136.60227515276583,25.72887246720982,0.16872554144771149,0.14786858743581954
26.4500_81.4250,26.45,81.425,63,210.31484641296024,173.59710998567073,77.75277304487496,0.1515910738032654,0.017216613516508272
26.4500_82.5125,26.45,82.5125,59,183.13446466897958,152.34634533746845,16.175664203301714,0.1076798772206676,0.10010363485649743
26.4806_79.9033,26.4806,79.9033,56,252.63255169475366,203.05392547164863,153.71625020017606,0.17301812386195106,-0.3366080095616095
26.4833_82.1417,26.4833,82.1417,59,221.9984289323642,183.91266647726127,22.47623953440495,0.12743245633464567,0.11528034521835406
26.4947_81.3486,26.4947,81.3486,60,206.7609654443464,163.40729105864798,64.24766362694184,0.014552692247256237,-0.1762773045960917
26.4978_78.6011,26.4978,78.6011,64,362.355790655121,274.7313235031553,-212.17591817152436,0.001132609103139292,-1.1252552727049614
26.5125_79.3806,26.5125,79.3806,59,296.74835726757857,241.02735953734305,119.43364882580441,0.5367430236426864,0.1803332101737204
26.5167_87.0269,26.5167,87.0269,56,328.55951395086504,269.5774511103378,-209.52408717038347,0.0024852039322793224,-11.431705321884001
26.5283_80.6750,26.5283,80.675,57,108.54036298472748,92.08981929709088,14.292311306109013,0.24537548583320765,0.20959114738383577
26.5333_81.5833,26.5333,81.5833,64,219.37810839410292,173.9992626496369,95.50886969492532,0.11538843344514436,-0.09214747277499846
26.5333_83.4167,26.5333,83.4167,63,187.03118115538913,153.2593738839698,13.584179766923656,0.16764385890575265,0.1631594319430728
26.5500_83.7333,26.55,83.7333,57,188.76538970654366,153.90651023495064,-48.20511028457425,0.005903122050413238,-0.25333373087358635
26.5625_81.6167,26.5625,81.6167,58,186.3483199832541,150.96006413220167,79.9760857746604,0.04389148520136871,-0.22017220687012262
26.5681_81.2658,26.5681,81.2658,65,182.96069493003665,154.7424549985842,72.85068146264886,0.0468020618613137,-0.21260886709008076
26.5736_83.8208,26.5736,83.8208,59,137.4914158619328,109.3876200582262,-39.12425740715709,0.06467033037430327,-0.3867888047796686
26.5750_86.1625,26.575,86.1625,59,328.79810074564693,271.25320917553967,-200.2765893478144,0.002333242492596109,-10.620324030596395
26.5833_79.4708,26.5833,79.4708,64,177.9579519691807,149.5336329152405,58.395931988635056,0.35944465147231824,0.24369006210842037
26.5833_84.0000,26.5833,84.0,56,212.9877989539846,170.05186585823725,-16.258425577765475,0.07677542391166078,0.038782068079592724
26.5908_83.6625,26.5908,83.6625,61,189.72008197447158,154.53583041733216,-39.605683269517094,0.019028224417311203,-0.15300605780869536
26.5975_80.2717,26.5975,80.2717,63,115.6758205757511,91.73125447992862,-15.884026011491152,0.30550085988998393,0.29103335142498
26.6050_83.0311,26.605,83.0311,64,134.99927660554832,112.78368418648549,-20.201819822318466,0.1220848807906872,0.07694463535101081
26.6089_79.8875,26.6089,79.8875,63,113.18454320806651,89.26801882727163,40.360320939590814,0.3265521240592645,0.22614331682388622
26.6222_81.3417,26.6222,81.3417,62,163.16543802207045,128.20008107693255,26.921007497336316,0.26196082788021235,0.2339682150449901
26.6375_81.3083,26.6375,81.3083,64,268.56523376721,209.34648849700187,114.65548787617838,0.10543852353846632,-0.09422282223710887
26.6375_81.3583,26.6375,81.3583,64,245.763472708511,222.15105769460394,129.09679658735777,0.02562336259160428,-0.41311805938564583
26.6417_80.4611,26.6417,80.4611,62,103.72253159019596,84.11259423282003,54.430532767796095,0.13485545257390397,-0.5230651355653972
26.6500_80.6333,26.65,80.6333,57,125.95811073913913,102.88395394625807,51.78907042223967,0.06151537436804612,-0.2964629123019751
26.6600_88.3014,26.66,88.3014,47,400.51205049945105,327.44639068476994,-195.99540345620454,0.17318195675817594,-389.5526461485824
26.6667_83.7833,26.6667,83.7833,62,149.34118393083457,123.53578487240834,-40.78687304070203,0.06016405410926445,-0.2748874993209096
26.6847_82.3083,26.6847,82.3083,64,176.44867056819976,149.3833116586852,48.09308434681657,0.043784236157996446,-0.0929658304132277
26.6917_82.6833,26.6917,82.6833,64,129.42219056850644,109.42395641004003,15.198615631517333,0.05615496652310687,-0.08237870055480889
26.6944_80.4333,26.6944,80.4333,63,117.5619454331089,96.24914183087932,46.89425653562176,0.24089963854962843,0.08872711335041461
26.6972_80.9569,26.6972,80.9569,64,164.6604519919272,131.98837080739833,-6.9390063036949305,0.2975956671475267,0.2788776691533509
26.6972_81.2486,26.6972,81.2486,61,326.729472110732,279.2162597936169,111.05744076579411,0.00240531070750099,-0.17908641302332162
26.7117_82.0450,26.7117,82.045,58,163.47460515897058,136.43821371645407,42.2399355658527,0.07245315913896515,-0.027703151742094034
26.7494_81.1550,26.7494,81.155,63,209.83996952526184,157.90040783838919,66.50908718407494,0.12395141591033983,0.025616277527859332
26.7500_78.6442,26.75,78.6442,62,720.3432747299179,514.7058650891994,-411.8009946609472,0.44062060026536926,-1.5723464173654
26.7500_79.6067,26.75,79.6067,60,149.95162737654593,131.98138475032204,-23.401179420897503,0.24859100278058863,0.2276695280762221
26.7542_88.2486,26.7542,88.2486,49,369.34841005842645,298.70780231064856,-179.5235952696028,0.5705371529238629,-115.31248635893223
26.7639_80.5750,26.7639,80.575,58,98.71426130502853,72.88527662301856,-30.44722553199999,0.21357250206725234,0.08501453824047323
26.7667_81.1125,26.7667,81.1125,63,175.14256837307602,137.76630139974614,84.24198117256506,0.00014609205053370044,-0.7464567020586084
26.7667_82.5564,26.7667,82.5564,61,138.57767078229844,112.84509327028002,55.47685979834882,0.18503035786417515,0.02339517296264304
26.7708_81.4083,26.7708,81.4083,65,211.50227042365748,173.81878883424073,37.026930049675485,0.20944525640639178,0.16943515124409392
26.8000_82.4667,26.8,82.4667,64,125.83444067670919,101.64261898580732,5.517321960838209,0.08734645295391533,0.01637410563934183
26.8000_82.7333,26.8,82.7333,64,165.21702795611083,127.09233708466795,-1.8415288727586265,0.023571591822661143,-0.06658981960645138
26.8300_79.5958,26.83,79.5958,61,152.02174501003267,126.6422535430496,-6.302432279871353,0.3858404806305208,0.3632852940057525
26.8503_81.7106,26.8503,81.7106,61,234.41650737190963,193.96610755585195,134.40364360750775,0.028754788164146176,-0.5272217099556427
26.8667_83.8667,26.8667,83.8667,62,180.8637140727817,147.10754543523313,-49.5337739434405,0.04363094573094037,-0.16426047586201475
26.9056_83.6000,26.9056,83.6,63,125.10884408362374,105.03559520502833,-18.221494926228882,0.10580822159040663,-0.036482910462031004
26.9667_83.1167,26.9667,83.1167,63,176.9090155495942,147.81287848893905,29.14257694452689,0.038359488739418336,-0.022757014254659147
26.9756_81.5261,26.9756,81.5261,63,97.44689386106687,77.15600939194981,38.81406118889883,0.2072843616902682,-0.1163476979099749
26.9833_81.2983,26.9833,81.2983,64,180.94009153733901,142.6410782934703,72.59148499400703,0.05015169069310976,-0.19134731670928629
27.0125_81.7361,27.0125,81.7361,61,128.05196261613963,109.46060333869542,26.765575928360644,0.06090880041167786,-0.12782267040989237
27.0181_82.6681,27.0181,82.6681,63,233.58813797621735,202.44186180597458,-18.052149930158304,0.016333062907510253,-0.018498351404079516
27.0267_81.1783,27.0267,81.1783,64,148.5486286574185,114.82834460282913,65.0929490467333,0.04479467234725759,-0.36526432534891184
27.0333_82.2500,27.0333,82.25,65,130.32424067091745,102.86992935572667,17.585932557548972,0.31534460295993616,0.2891614564045505
27.0333_83.9000,27.0333,83.9,60,163.96111013562668,136.5559373978396,-45.94115072458938,0.030710636133484615,-0.2246283938045246
27.0500_83.7333,27.05,83.7333,60,165.1518949915898,134.3040161182204,-17.282330197517407,0.07727866556387654,0.04425718590155381
27.1028_81.1903,27.1028,81.1903,64,117.70998654546334,94.51044990155549,39.97356545202403,0.15564596131372174,-0.032182322964215304
27.1222_81.8050,27.1222,81.805,63,102.46667787082593,83.39999217049238,30.691123547807827,0.1751251994005448,-0.029715791084430565
27.1250_81.2983,27.125,81.2983,64,150.64927432271847,126.09390508366243,75.2084844592491,0.041540815494727525,-0.4856012520673223
27.1333_83.9542,27.1333,83.9542,62,160.80495840942865,136.05297322730223,-48.16993201292294,0.012241030614687015,-0.3934050799372584
27.1361_81.3944,27.1361,81.3944,64,110.51807134573161,87.89074285696903,56.513726351540186,0.15116690981970513,-0.3759017296723757
27.1472_83.5639,27.1472,83.5639,62,182.4491564256376,140.72666678503762,-61.34555842527115,0.002397142691524332,-0.2756995389981425
27.1667_82.9167,27.1667,82.9167,65,175.61578016819487,141.4633978187488,39.67416590988665,0.002736265109937274,-0.18984558660869166
27.1867_81.1083,27.1867,81.1083,64,213.973199134236,168.06485082469882,112.48287305993338,0.04292224413256799,-0.37662976237526213
27.1917_83.1250,27.1917,83.125,65,258.0527725205354,222.77204933543987,-2.221030046025356,0.0011369900001972752,-0.04382137957104404
27.1972_81.7667,27.1972,81.7667,62,113.40268882755127,89.02792077675701,36.632524740094055,0.10160688133545118,-0.23935379563041304
27.2000_82.6500,27.2,82.65,63,163.02351223362442,132.88765521247805,12.395159714324794,0.00010133028044042954,-0.2541596704213367
27.2000_83.7667,27.2,83.7667,62,179.0046770049234,146.6201555100885,-24.991073299214438,0.03976779989952537,-0.03577060898745055
27.2667_82.8750,27.2667,82.875,65,181.52430052879362,140.9571273074548,5.65917764498352,0.0018991032874162246,-0.20949697264957057
27.2694_80.0750,27.2694,80.075,58,109.45162920892413,83.00568649244377,24.99738543084818,0.23458530209001044,0.10542610605042102
27.3450_81.1683,27.345,81.1683,64,109.01623792850525,88.82992889285089,37.830643993616135,0.01647534683570931,-0.7705188647302592
27.3544_82.3561,27.3544,82.3561,60,175.03955222168304,145.32522535348963,34.76236522092313,0.002217352485185383,-0.28969300803901343
27.3681_83.1181,27.3681,83.1181,65,136.145652551941,108.55766392779043,3.065440377778966,0.002479915827998505,-0.21767513641289282
27.3708_77.5736,27.3708,77.5736,64,485.5569180068637,389.7179909584287,-267.413098595708,0.0018084744971581764,-5.068386419034448
27.3764_80.6097,27.3764,80.6097,65,446.58690844150397,362.01961319962305,293.43190238483817,0.24095567798841422,-0.47782948607747233
27.3767_80.9047,27.3767,80.9047,64,205.53729293812495,164.38178993064753,90.42294242947746,0.05429161086508528,-0.19646233461521767
27.3792_82.5389,27.3792,82.5389,60,190.92353901190882,167.55888416750133,69.74920398101604,0.008772121623806618,-0.5524970863229375
27.3967_77.5000,27.3967,77.5,61,600.0151958222636,445.99732671214707,-364.3180532937275,0.2824976457710455,-9.96008316776618
27.4056_81.2044,27.4056,81.2044,63,137.72151358846116,108.65845205494566,58.52790304414422,0.05303574971585076,-0.3071337117874233
27.4194_77.8222,27.4194,77.8222,61,485.34416751085865,395.22102737360274,-284.3744379700888,0.08388493869255394,-1.241458618437072
27.4433_82.8950,27.4433,82.895,65,204.76283436297618,179.96223995037633,27.2458585450283,2.1041555054924993e-05,-0.15485107856247993
27.4444_81.0283,27.4444,81.0283,61,185.62094042236973,141.66413943326847,77.0532721259893,0.05872416096873936,-0.1629309871675828
27.4500_82.2847,27.45,82.2847,65,157.15687922215034,134.17169435527424,46.45540727381769,0.004522598490824477,-0.45010837941210924
27.4517_83.5700,27.4517,83.57,58,140.56774086586705,115.90404245123783,-19.488821002155845,0.0003002900713135506,-0.15055491873017712
27.4833_79.6639,27.4833,79.6639,63,305.43694188750703,211.125322118576,-154.37614920951805,0.15258034260256695,-2.4906973467773827
27.4950_77.5683,27.495,77.5683,61,435.54018124614277,334.7565451539121,-264.4659203280767,0.029080273631106233,-16.43127404520114
27.4986_82.7833,27.4986,82.7833,64,164.26116012803192,138.42937527191157,32.13481855955906,0.000890136772113166,-0.35893214041421784
27.5000_81.0000,27.5,81.0,65,229.7574558359904,183.07400825144742,155.99393318448134,0.04801801831364916,-0.8449740653370825
27.5056_81.9333,27.5056,81.9333,63,164.38933018011332,139.54435913795956,46.929346565312144,0.012428066573442385,-0.3136114356676183
27.5167_81.9319,27.5167,81.9319,62,174.02747776221017,146.76121865454274,44.07835351147299,0.0267995696697539,-0.1690567406832011
27.5208_81.1050,27.5208,81.105,61,99.95904084151748,80.20814523985639,27.819436832177402,0.23270814584544516,0.12028785692045008
27.5217_82.6667,27.5217,82.6667,59,106.54292003313044,85.50896312572719,-6.139049496755339,0.006586520207795554,-0.663756182809454
27.5375_82.5375,27.5375,82.5375,65,136.3980384346453,114.82695686613894,25.22164477545378,0.0235105000210965,-0.26849844851563986
27.5383_81.4383,27.5383,81.4383,63,115.05015778787515,91.71664342447447,33.72355150405636,0.013188539953844712,-0.7178088076668916
27.5550_80.9533,27.555,80.9533,62,111.68336228721307,80.8558797222425,40.19864105486007,0.04760927455365394,-0.47254364568884033
27.5944_82.3361,27.5944,82.3361,65,142.11810300062461,115.91159971125126,35.92659027867157,0.02262049055196652,-0.3329516457965429
27.6250_77.4867,27.625,77.4867,59,445.9491986768084,354.88843467368577,-274.18528893217234,0.006604263680410558,-25.66796459050243
27.6250_80.1944,27.625,80.1944,57,142.27930658485008,115.15346232157553,38.33653931503183,0.3666829895870995,0.3150024903855322
27.6389_80.2844,27.6389,80.2844,60,119.08087761158656,86.23996430065722,-22.025386789253524,0.11700894067687617,-0.34717095742815807
27.6486_81.7333,27.6486,81.7333,61,154.64427915199528,131.66974615832464,38.3622210158571,0.019173409248897814,-0.25669747920901176
27.6536_82.2808,27.6536,82.2808,64,158.655788716715,131.40334966559024,52.591499048313544,0.128123526541376,-0.003231847589692194
27.6542_80.7361,27.6542,80.7361,62,164.82002634581823,125.00582944922472,59.42589224442067,0.1588729237882018,0.032015446392521185
27.6550_82.5233,27.655,82.5233,62,195.39153000670115,152.53145599637716,-35.993436062965245,0.10721669283561716,0.07431949474944399
27.6556_77.3778,27.6556,77.3778,60,215.12559338985142,182.65086526849169,-90.08916860088509,0.7107068135078886,0.48805394097265964
27.6583_78.2683,27.6583,78.2683,59,388.9601757073194,313.0816113367776,-223.15693167397455,0.08015532129160753,-5.068985484392183
27.6833_81.7056,27.6833,81.7056,65,162.72733445013318,137.60162486805612,59.35537797272776,0.026816366099682014,-0.3173185138835606
27.6972_81.7125,27.6972,81.7125,64,164.2236627543656,135.94900758167694,61.073519523096685,0.006990704406454566,-0.4536828388930898
27.7167_77.9333,27.7167,77.9333,62,160.20348952241974,124.73485241028075,-23.10169427979281,0.7882378194486716,0.6949719254669551
27.7194_81.3792,27.7194,81.3792,64,140.70743752493703,116.19704842179522,66.85948070666447,0.00023470537544439984,-1.04101196847218
27.7369_82.2528,27.7369,82.2528,59,140.30158966762374,121.92259404585555,49.78521200169385,0.12626476167576672,-0.06510757223213992
27.7611_80.2014,27.7611,80.2014,62,164.24927505149645,131.29266369112713,-6.029828122731214,0.18368083585749773,0.07046765297169377
27.7861_77.4383,27.7861,77.4383,63,491.13162171021867,370.7968457534481,-309.61280208380913,0.0027413199627414823,-12.703936369433807
27.7983_82.0900,27.7983,82.09,63,140.53210474029083,118.89876616724864,47.16979395495484,0.08696512786061036,-0.1511932903306481
27.8028_81.9653,27.8028,81.9653,63,186.1021445710687,151.3371407254083,77.48261807444108,0.0026342232951970753,-0.6885542331516634
27.8194_77.8875,27.8194,77.8875,61,501.77741547640665,370.0140175229058,-292.0082075759717,0.06871137986827912,-13.096093602973284
27.8917_80.9500,27.8917,80.95,64,124.69078645018307,102.1858189363314,28.021047945933596,0.09880234224668266,-0.034049680111595704
27.9133_80.8833,27.9133,80.8833,60,97.09744584430125,79.18963312979129,-0.8079335858185294,0.06477015838153667,-0.33487744997938496
27.9183_77.9189,27.9183,77.9189,59,572.6129860295397,464.4214554165961,-345.28797685492776,0.2862455443233418,-12.959603170061536
27.9394_77.8506,27.9394,77.8506,59,352.09793245406763,284.27823919895684,-180.88732672284954,0.2516612957445942,-8.567848147809842
27.9731_78.1842,27.9731,78.1842,61,409.1666891471347,311.77251867176454,-206.42315169544597,0.07101780096155215,-4.731723655693668
27.9833_80.9000,27.9833,80.9,62,112.98306351252545,91.45772941467803,22.028311658967805,0.04916258216520098,-0.25621054309397495
27.9833_81.4167,27.9833,81.4167,65,137.45392777722483,110.11123160947255,5.9229034417721955,0.07270861474771181,0.012774971882188457
27.9889_78.1028,27.9889,78.1028,59,449.7037666970093,359.4891654661304,-278.0512322327845,0.06645085375675727,-5.156979162559218
28.0061_81.2611,28.0061,81.2611,62,106.13835434130306,85.73254284243548,39.37409491151943,0.03174512100627506,-0.6608136724641362
28.0500_76.1125,28.05,76.1125,57,1197.7303667335352,1050.3365967108036,-711.3929528068451,0.7061293634699513,-1.8459116085295744
28.1292_76.6042,28.1292,76.6042,52,338.95990346391676,274.87696240049286,-168.3508630012757,0.21359642219837288,-0.7947121614885277
28.1500_77.3250,28.15,77.325,54,233.42692974183106,185.98969289035924,-96.62876737932083,0.6586296217059271,-0.3192567805328046
28.3164_79.8150,28.3164,79.815,63,247.98247366962326,198.8577814241746,-112.5846905856686,0.27959412407180956,-2.138364564174907
28.3333_81.1336,28.3333,81.1336,59,82.75568669735014,65.01208915683861,-4.214426187219676,0.0761410642025,-0.422064211448556
28.3361_79.5958,28.3361,79.5958,59,263.92146287344275,220.2779308040045,-109.41598053609324,0.2815694407004282,-2.096313133584107
28.3667_79.4000,28.3667,79.4,64,363.1643807885927,297.93680618399617,-192.93333411589384,0.26232574900559735,-17.66663258316632
28.4889_80.6494,28.4889,80.6494,62,213.6700056733406,170.49754415826092,-85.5072266083912,0.009500825403569415,-1.2509192899212267
28.5181_76.9042,28.5181,76.9042,63,496.8582766273313,392.5702805701949,-326.5919530317088,0.2738363127338929,-19.748515448720713
28.5250_79.8867,28.525,79.8867,60,305.0634994202485,235.665676380314,-148.4694025320571,0.060046365150805366,-9.598201841862622
28.5278_80.7625,28.5278,80.7625,62,181.8732315940386,140.81374504906583,-70.47480147886675,0.0023814707592332103,-1.0437578407498065
28.5903_77.2125,28.5903,77.2125,63,592.9314107335261,482.9961504235982,-315.5680053865286,0.037609460784986226,-2.4241752930914537
28.6500_76.7833,28.65,76.7833,60,495.97570827971106,384.62662296776637,-293.68588565123343,0.4731787816376237,-11.507710037556146
28.6722_77.2306,28.6722,77.2306,62,490.62728738156034,391.96658030838927,-310.73933382741353,0.1259459840874234,-19.062861402005648
28.6750_76.8417,28.675,76.8417,51,311.5362664830112,234.3067816681927,-161.80557130257088,0.22838026191118677,-9.984437411141172
28.7000_76.4944,28.7,76.4944,54,484.1211024173475,364.66442809492975,-262.6369344465794,0.6563802015557108,-7.796647173431882
28.7069_77.0250,28.7069,77.025,62,608.5184318123162,480.27110366537676,-374.96679726132095,0.7089056254010403,-9.446260333915625
28.7142_79.8867,28.7142,79.8867,62,378.2869024305435,289.32222163145224,-220.97379008566892,0.12083990312953473,-418.9590195939663
28.7167_79.3167,28.7167,79.3167,63,529.7357508189755,410.15279341499263,-304.6120698828838,0.000769033728998186,-16.14370453375996
28.7250_79.7167,28.725,79.7167,60,401.56092073181276,303.58045907080003,-210.09454957931376,0.1650545963084557,-380.4635834105833
28.7569_76.2542,28.7569,76.2542,57,387.1933430099541,284.00915350077446,-207.82086914547702,0.026432844634917133,-4.123234739025258
28.8417_76.8500,28.8417,76.85,61,588.6293467134304,447.38379577809525,-347.50836864005294,0.48766897489425143,-6.530558505549933
28.8806_76.5125,28.8806,76.5125,58,348.6663241216119,276.0054164156778,-183.17257949859135,0.08415049594241088,-11.134523581021108
28.9792_76.5167,28.9792,76.5167,60,375.4491954047586,285.1438529298004,-198.2900178148498,0.15889999952687586,-10.128616798246409
28.9847_76.8125,28.9847,76.8125,61,524.5796736647368,400.35047087756243,-309.7694485613053,0.46969457794478975,-8.829188626197771
29.0611_76.8333,29.0611,76.8333,55,335.7643333938091,238.01720741820915,-186.28656552348122,0.08605190622165443,-17.545466021922156
29.1000_78.8667,29.1,78.8667,59,645.4990124699723,484.37768736637076,-342.4061930741936,0.003159616960326622,-29.852731185762035
29.2367_78.4667,29.2367,78.4667,55,719.4247443334364,546.9929152353201,-467.6403541231875,0.021486286070767857,-53.86782707572215
29.4950_77.9900,29.495,77.99,57,656.4668950993527,488.0433535990585,-359.06236635385045,0.060767488671100725,-100.77279987565714
30.2792_77.3417,30.2792,77.3417,60,646.6008613376835,513.0988476400461,-350.97382079298785,0.17702379452420014,-18.729755541541977
30.4403_77.6236,30.4403,77.6236,61,743.9081626599459,598.1153447503691,-408.32845995753695,0.012900828615963292,-2.112861728017738
30.4750_77.5500,30.475,77.55,66,766.5337374782399,619.9344501461933,-407.8899874556439,2.861365058392733e-06,-2.5273104980753867
30.4750_77.6708,30.475,77.6708,65,929.3606250009002,740.8551978756743,-491.1873286770838,0.0016226171400856248,-1.5870063293450078
30.4875_77.5208,30.4875,77.5208,64,887.9754871503897,734.5462402873206,-536.0461460673121,0.027478465836092415,-2.9042319127430716
30.4875_77.7306,30.4875,77.7306,63,743.0316076072455,582.3573528944978,-446.81135720436885,0.009152468937899583,-6.929228007576763
30.5069_77.4219,30.5069,77.4219,62,1986.8526277589247,1550.8435982083488,-1302.5405732672455,0.5751046591257716,-2.247338630851626
